"sf__Id","sf__Error",Name
"","REQUIRED_FIELD_MISSING:Required fields are missing: [Location__c]:Location__c --","Run of House"
"","REQUIRED_FIELD_MISSING:Required fields are missing: [Location__c]:Location__c --","Run of House"
"","REQUIRED_FIELD_MISSING:Required fields are missing: [Location__c]:Location__c --","Run of House"
"","REQUIRED_FIELD_MISSING:Required fields are missing: [Location__c]:Location__c --","Standard"
"","REQUIRED_FIELD_MISSING:Required fields are missing: [Location__c]:Location__c --","Presidential Suite"
"","REQUIRED_FIELD_MISSING:Required fields are missing: [Location__c]:Location__c --","Twin"
"","REQUIRED_FIELD_MISSING:Required fields are missing: [Location__c]:Location__c --","Deluxe"
"","REQUIRED_FIELD_MISSING:Required fields are missing: [Location__c]:Location__c --","King"
"","REQUIRED_FIELD_MISSING:Required fields are missing: [Location__c]:Location__c --","Queen"
"","REQUIRED_FIELD_MISSING:Required fields are missing: [Location__c]:Location__c --","Studio"
"","REQUIRED_FIELD_MISSING:Required fields are missing: [Location__c]:Location__c --","Run of House"
"","REQUIRED_FIELD_MISSING:Required fields are missing: [Location__c]:Location__c --","Run of House"
"","REQUIRED_FIELD_MISSING:Required fields are missing: [Location__c]:Location__c --","Phoenix Std"
"","REQUIRED_FIELD_MISSING:Required fields are missing: [Location__c]:Location__c --","North Wing"
"","REQUIRED_FIELD_MISSING:Required fields are missing: [Location__c]:Location__c --","South Wing"
"","REQUIRED_FIELD_MISSING:Required fields are missing: [Location__c]:Location__c --","Main"
"","REQUIRED_FIELD_MISSING:Required fields are missing: [Location__c]:Location__c --","Run of House"
"","REQUIRED_FIELD_MISSING:Required fields are missing: [Location__c]:Location__c --","Run of House"
"","REQUIRED_FIELD_MISSING:Required fields are missing: [Location__c]:Location__c --","Run of House"
"","REQUIRED_FIELD_MISSING:Required fields are missing: [Location__c]:Location__c --","Standard"
"","REQUIRED_FIELD_MISSING:Required fields are missing: [Location__c]:Location__c --","Presidential Suite"
