Name,UniqueExternalId__c,ExternalId__c,SourceSystemExternalId__c,Location__r,Location__r.UniqueExternalId__c
Guestroom,,,,[Location__c],
Event,,,,[Location__c],
Guestroom,,,,[Location__c],
Event,,,,[Location__c],
Food,,,,[Location__c],
Beverage,,,,[Location__c],
AudioVisual,,,,[Location__c],
Setup,,,,[Location__c],
Food,,,,[Location__c],
Beverage,,,,[Location__c],
AudioVisual,,,,[Location__c],
Setup,,,,[Location__c],
Rental,,,,[Location__c],
Packages Total,,,,[Location__c],
Food,,,,[Location__c],
Beverage,,,,[Location__c],
AudioVisual,,,,[Location__c],
Setup,,,,[Location__c],
Rental,,,,[Location__c],
Packages Total,,,,[Location__c],
Food,,,,[Location__c],
Beverage,,,,[Location__c],
AudioVisual,,,,[Location__c],
Setup,,,,[Location__c],
Rental,,,,[Location__c],
Packages Total,,,,[Location__c],
Food,,,,[Location__c],
Beverage,,,,[Location__c],
AudioVisual,,,,[Location__c],
Setup,,,,[Location__c],
Rental,,,,[Location__c],
Packages Total,,,,[Location__c],
Food,,,,[Location__c],
Beverage,,,,[Location__c],
AudioVisual,,,,[Location__c],
Setup,,,,[Location__c],
Rental,,,,[Location__c],
Packages Total,,,,[Location__c],
Food,,,,[Location__c],
Beverage,,,,[Location__c],
AudioVisual,,,,[Location__c],
Setup,,,,[Location__c],
Additional,,,,[Location__c],
Food,,,,[Location__c],
Beverage,,,,[Location__c],
AudioVisual,,,,[Location__c],
Setup,,,,[Location__c],
Additional,,,,[Location__c],
Rental,,,,[Location__c],
Packages Total,,,,[Location__c],
Food,,,,[Location__c],
Beverage,,,,[Location__c],
AudioVisual,,,,[Location__c],
Setup,,,,[Location__c],
Additional,,,,[Location__c],
Rental,,,,[Location__c],
Packages Total,,,,[Location__c],
Food,,,,[Location__c],
Beverage,,,,[Location__c],
AudioVisual,,,,[Location__c],
Setup,,,,[Location__c],
Additional,,,,[Location__c],
Rental,,,,[Location__c],
Packages Total,,,,[Location__c],
Food,,,,[Location__c],
Beverage,,,,[Location__c],
AudioVisual,,,,[Location__c],
Setup,,,,[Location__c],
Additional,,,,[Location__c],
Rental,,,,[Location__c],
Packages Total,,,,[Location__c],
Food,,,,[Location__c],
Beverage,,,,[Location__c],
AudioVisual,,,,[Location__c],
Setup,,,,[Location__c],
Additional,,,,[Location__c],
Rental,,,,[Location__c],
Packages Total,,,,[Location__c],
Food,,,,[Location__c],
Beverage,,,,[Location__c],
Setup,,,,[Location__c],
AudioVisual,,,,[Location__c],
Additional,,,,[Location__c],
Billing,,,,[Location__c],
Food,,,,[Location__c],
Beverage,,,,[Location__c],
Setup,,,,[Location__c],
AudioVisual,,,,[Location__c],
Additional,,,,[Location__c],
Billing,,,,[Location__c],
Rental,,,,[Location__c],
Packages Total,,,,[Location__c],
Food,,,,[Location__c],
Beverage,,,,[Location__c],
Setup,,,,[Location__c],
AudioVisual,,,,[Location__c],
Additional,,,,[Location__c],
Billing,,,,[Location__c],
Rental,,,,[Location__c],
Packages Total,,,,[Location__c],
Food,,,,[Location__c],
Beverage,,,,[Location__c],
Setup,,,,[Location__c],
AudioVisual,,,,[Location__c],
Additional,,,,[Location__c],
Billing,,,,[Location__c],
Rental,,,,[Location__c],
Packages Total,,,,[Location__c],
Food,,,,[Location__c],
Beverage,,,,[Location__c],
Setup,,,,[Location__c],
AudioVisual,,,,[Location__c],
Additional,,,,[Location__c],
Billing,,,,[Location__c],
Rental,,,,[Location__c],
Packages Total,,,,[Location__c],
Food,,,,[Location__c],
Beverage,,,,[Location__c],
Setup,,,,[Location__c],
AudioVisual,,,,[Location__c],
Additional,,,,[Location__c],
Billing,,,,[Location__c],
Rental,,,,[Location__c],
Packages Total,,,,[Location__c],
Food,,,,[Location__c],
Beverage,,,,[Location__c],
Audio Visual,,,,[Location__c],
Setup & Additional Items,,,,[Location__c],
Rental,,,,[Location__c],
Food,,,,[Location__c],
Beverage,,,,[Location__c],
Audio Visual,,,,[Location__c],
Setup & Additional Items,,,,[Location__c],
Rental,,,,[Location__c],
Food,,,,[Location__c],
Beverage,,,,[Location__c],
Audio Visual,,,,[Location__c],
Setup & Additional Items,,,,[Location__c],
Rental,,,,[Location__c],
Guestroom,,,,[Location__c],
Event,,,,[Location__c],
Guestroom,,,,[Location__c],
Event,,,,[Location__c],
Food,,,,[Location__c],
Beverage,,,,[Location__c],
AudioVisual,,,,[Location__c],
Setup,,,,[Location__c],
Food,,,,[Location__c],
Beverage,,,,[Location__c],
AudioVisual,,,,[Location__c],
Setup,,,,[Location__c],
Rental,,,,[Location__c],
Packages Total,,,,[Location__c],
Food,,,,[Location__c],
Beverage,,,,[Location__c],
AudioVisual,,,,[Location__c],
Setup,,,,[Location__c],
Rental,,,,[Location__c],
Packages Total,,,,[Location__c],
Food,,,,[Location__c],
Beverage,,,,[Location__c],
AudioVisual,,,,[Location__c],
Setup,,,,[Location__c],
Rental,,,,[Location__c],
Packages Total,,,,[Location__c],
Food,,,,[Location__c],
Beverage,,,,[Location__c],
AudioVisual,,,,[Location__c],
Setup,,,,[Location__c],
Rental,,,,[Location__c],
Packages Total,,,,[Location__c],
Food,,,,[Location__c],
Beverage,,,,[Location__c],
AudioVisual,,,,[Location__c],
Setup,,,,[Location__c],
Rental,,,,[Location__c],
Packages Total,,,,[Location__c],
Food,,,,[Location__c],
Beverage,,,,[Location__c],
AudioVisual,,,,[Location__c],
Setup,,,,[Location__c],
Additional,,,,[Location__c],
Food,,,,[Location__c],
Beverage,,,,[Location__c],
AudioVisual,,,,[Location__c],
Setup,,,,[Location__c],
Additional,,,,[Location__c],
Rental,,,,[Location__c],
Packages Total,,,,[Location__c],
Food,,,,[Location__c],
Beverage,,,,[Location__c],
AudioVisual,,,,[Location__c],
Setup,,,,[Location__c],
Additional,,,,[Location__c],
Rental,,,,[Location__c],
Packages Total,,,,[Location__c],
Food,,,,[Location__c],
Beverage,,,,[Location__c],
AudioVisual,,,,[Location__c],
Setup,,,,[Location__c],
Additional,,,,[Location__c],
Rental,,,,[Location__c],
Packages Total,,,,[Location__c],
Food,,,,[Location__c],
Beverage,,,,[Location__c],
AudioVisual,,,,[Location__c],
Setup,,,,[Location__c],
Additional,,,,[Location__c],
Rental,,,,[Location__c],
Packages Total,,,,[Location__c],
Food,,,,[Location__c],
Beverage,,,,[Location__c],
AudioVisual,,,,[Location__c],
Setup,,,,[Location__c],
Additional,,,,[Location__c],
Rental,,,,[Location__c],
Packages Total,,,,[Location__c],
Food,,,,[Location__c],
Beverage,,,,[Location__c],
Setup,,,,[Location__c],
AudioVisual,,,,[Location__c],
Additional,,,,[Location__c],
Billing,,,,[Location__c],
Food,,,,[Location__c],
Beverage,,,,[Location__c],
Setup,,,,[Location__c],
AudioVisual,,,,[Location__c],
Additional,,,,[Location__c],
Billing,,,,[Location__c],
Rental,,,,[Location__c],
Packages Total,,,,[Location__c],
Food,,,,[Location__c],
Beverage,,,,[Location__c],
Setup,,,,[Location__c],
AudioVisual,,,,[Location__c],
Additional,,,,[Location__c],
Billing,,,,[Location__c],
Rental,,,,[Location__c],
Packages Total,,,,[Location__c],
Food,,,,[Location__c],
Beverage,,,,[Location__c],
Setup,,,,[Location__c],
AudioVisual,,,,[Location__c],
Additional,,,,[Location__c],
Billing,,,,[Location__c],
Rental,,,,[Location__c],
Packages Total,,,,[Location__c],
Food,,,,[Location__c],
Beverage,,,,[Location__c],
Setup,,,,[Location__c],
AudioVisual,,,,[Location__c],
Additional,,,,[Location__c],
Billing,,,,[Location__c],
Rental,,,,[Location__c],
Packages Total,,,,[Location__c],
Food,,,,[Location__c],
Beverage,,,,[Location__c],
Setup,,,,[Location__c],
AudioVisual,,,,[Location__c],
Additional,,,,[Location__c],
Billing,,,,[Location__c],
Rental,,,,[Location__c],
Packages Total,,,,[Location__c],
Food,,,,[Location__c],
Beverage,,,,[Location__c],
Audio Visual,,,,[Location__c],
Setup & Additional Items,,,,[Location__c],
Rental,,,,[Location__c],
Food,,,,[Location__c],
Beverage,,,,[Location__c],
Audio Visual,,,,[Location__c],
Setup & Additional Items,,,,[Location__c],
Rental,,,,[Location__c],
Food,,,,[Location__c],
Beverage,,,,[Location__c],
Audio Visual,,,,[Location__c],
Setup & Additional Items,,,,[Location__c],
Rental,,,,[Location__c],
Guestroom,,,,[Location__c],
Event,,,,[Location__c],
Guestroom,,,,[Location__c],
Event,,,,[Location__c],
Food,,,,[Location__c],
Beverage,,,,[Location__c],
AudioVisual,,,,[Location__c],
Setup,,,,[Location__c],
Food,,,,[Location__c],
Beverage,,,,[Location__c],
AudioVisual,,,,[Location__c],
Setup,,,,[Location__c],
Rental,,,,[Location__c],
Packages Total,,,,[Location__c],
Food,,,,[Location__c],
Beverage,,,,[Location__c],
AudioVisual,,,,[Location__c],
Setup,,,,[Location__c],
Rental,,,,[Location__c],
Packages Total,,,,[Location__c],
Food,,,,[Location__c],
Beverage,,,,[Location__c],
AudioVisual,,,,[Location__c],
Setup,,,,[Location__c],
Rental,,,,[Location__c],
Packages Total,,,,[Location__c],
Food,,,,[Location__c],
Beverage,,,,[Location__c],
AudioVisual,,,,[Location__c],
Setup,,,,[Location__c],
Rental,,,,[Location__c],
Packages Total,,,,[Location__c],
Food,,,,[Location__c],
Beverage,,,,[Location__c],
AudioVisual,,,,[Location__c],
Setup,,,,[Location__c],
Rental,,,,[Location__c],
Packages Total,,,,[Location__c],
Food,,,,[Location__c],
Beverage,,,,[Location__c],
AudioVisual,,,,[Location__c],
Setup,,,,[Location__c],
Additional,,,,[Location__c],
Food,,,,[Location__c],
Beverage,,,,[Location__c],
AudioVisual,,,,[Location__c],
Setup,,,,[Location__c],
Additional,,,,[Location__c],
Rental,,,,[Location__c],
Packages Total,,,,[Location__c],
Food,,,,[Location__c],
Beverage,,,,[Location__c],
AudioVisual,,,,[Location__c],
Setup,,,,[Location__c],
Additional,,,,[Location__c],
Rental,,,,[Location__c],
Packages Total,,,,[Location__c],
Food,,,,[Location__c],
Beverage,,,,[Location__c],
AudioVisual,,,,[Location__c],
Setup,,,,[Location__c],
Additional,,,,[Location__c],
Rental,,,,[Location__c],
Packages Total,,,,[Location__c],
Food,,,,[Location__c],
Beverage,,,,[Location__c],
AudioVisual,,,,[Location__c],
Setup,,,,[Location__c],
Additional,,,,[Location__c],
Rental,,,,[Location__c],
Packages Total,,,,[Location__c],
Food,,,,[Location__c],
Beverage,,,,[Location__c],
AudioVisual,,,,[Location__c],
Setup,,,,[Location__c],
Additional,,,,[Location__c],
Rental,,,,[Location__c],
Packages Total,,,,[Location__c],
Food,,,,[Location__c],
Beverage,,,,[Location__c],
Setup,,,,[Location__c],
AudioVisual,,,,[Location__c],
Additional,,,,[Location__c],
Billing,,,,[Location__c],
Food,,,,[Location__c],
Beverage,,,,[Location__c],
Setup,,,,[Location__c],
AudioVisual,,,,[Location__c],
Additional,,,,[Location__c],
Billing,,,,[Location__c],
Rental,,,,[Location__c],
Packages Total,,,,[Location__c],
Food,,,,[Location__c],
Beverage,,,,[Location__c],
Setup,,,,[Location__c],
AudioVisual,,,,[Location__c],
Additional,,,,[Location__c],
Billing,,,,[Location__c],
Rental,,,,[Location__c],
Packages Total,,,,[Location__c],
Food,,,,[Location__c],
Beverage,,,,[Location__c],
Setup,,,,[Location__c],
AudioVisual,,,,[Location__c],
Additional,,,,[Location__c],
Billing,,,,[Location__c],
Rental,,,,[Location__c],
Packages Total,,,,[Location__c],
Food,,,,[Location__c],
Beverage,,,,[Location__c],
Setup,,,,[Location__c],
AudioVisual,,,,[Location__c],
Additional,,,,[Location__c],
Billing,,,,[Location__c],
Rental,,,,[Location__c],
Packages Total,,,,[Location__c],
Food,,,,[Location__c],
Beverage,,,,[Location__c],
Setup,,,,[Location__c],
AudioVisual,,,,[Location__c],
Additional,,,,[Location__c],
Billing,,,,[Location__c],
Rental,,,,[Location__c],
Packages Total,,,,[Location__c],
Food,,,,[Location__c],
Beverage,,,,[Location__c],
Audio Visual,,,,[Location__c],
Setup & Additional Items,,,,[Location__c],
Rental,,,,[Location__c],
Food,,,,[Location__c],
Beverage,,,,[Location__c],
Audio Visual,,,,[Location__c],
Setup & Additional Items,,,,[Location__c],
Rental,,,,[Location__c],
Food,,,,[Location__c],
Beverage,,,,[Location__c],
Audio Visual,,,,[Location__c],
Setup & Additional Items,,,,[Location__c],
Rental,,,,[Location__c],
Guestroom,,,,[Location__c],
Event,,,,[Location__c],
Guestroom,,,,[Location__c],
Event,,,,[Location__c],
Food,,,,[Location__c],
Beverage,,,,[Location__c],
AudioVisual,,,,[Location__c],
Setup,,,,[Location__c],
Food,,,,[Location__c],
Beverage,,,,[Location__c],
AudioVisual,,,,[Location__c],
Setup,,,,[Location__c],
Rental,,,,[Location__c],
Packages Total,,,,[Location__c],
Food,,,,[Location__c],
Beverage,,,,[Location__c],
AudioVisual,,,,[Location__c],
Setup,,,,[Location__c],
Rental,,,,[Location__c],
Packages Total,,,,[Location__c],
Food,,,,[Location__c],
Beverage,,,,[Location__c],
AudioVisual,,,,[Location__c],
Setup,,,,[Location__c],
Rental,,,,[Location__c],
Packages Total,,,,[Location__c],
Food,,,,[Location__c],
Beverage,,,,[Location__c],
AudioVisual,,,,[Location__c],
Setup,,,,[Location__c],
Rental,,,,[Location__c],
Packages Total,,,,[Location__c],
Food,,,,[Location__c],
Beverage,,,,[Location__c],
AudioVisual,,,,[Location__c],
Setup,,,,[Location__c],
Rental,,,,[Location__c],
Packages Total,,,,[Location__c],
Food,,,,[Location__c],
Beverage,,,,[Location__c],
AudioVisual,,,,[Location__c],
Setup,,,,[Location__c],
Additional,,,,[Location__c],
Food,,,,[Location__c],
Beverage,,,,[Location__c],
AudioVisual,,,,[Location__c],
Setup,,,,[Location__c],
Additional,,,,[Location__c],
Rental,,,,[Location__c],
Packages Total,,,,[Location__c],
Food,,,,[Location__c],
Beverage,,,,[Location__c],
AudioVisual,,,,[Location__c],
Setup,,,,[Location__c],
Additional,,,,[Location__c],
Rental,,,,[Location__c],
Packages Total,,,,[Location__c],
Food,,,,[Location__c],
Beverage,,,,[Location__c],
AudioVisual,,,,[Location__c],
Setup,,,,[Location__c],
Additional,,,,[Location__c],
Rental,,,,[Location__c],
Packages Total,,,,[Location__c],
Food,,,,[Location__c],
Beverage,,,,[Location__c],
AudioVisual,,,,[Location__c],
Setup,,,,[Location__c],
Additional,,,,[Location__c],
Rental,,,,[Location__c],
Packages Total,,,,[Location__c],
Food,,,,[Location__c],
Beverage,,,,[Location__c],
AudioVisual,,,,[Location__c],
Setup,,,,[Location__c],
Additional,,,,[Location__c],
Rental,,,,[Location__c],
Packages Total,,,,[Location__c],
Food,,,,[Location__c],
Beverage,,,,[Location__c],
Setup,,,,[Location__c],
AudioVisual,,,,[Location__c],
Additional,,,,[Location__c],
Billing,,,,[Location__c],
Food,,,,[Location__c],
Beverage,,,,[Location__c],
Setup,,,,[Location__c],
AudioVisual,,,,[Location__c],
Additional,,,,[Location__c],
Billing,,,,[Location__c],
Rental,,,,[Location__c],
Packages Total,,,,[Location__c],
Food,,,,[Location__c],
Beverage,,,,[Location__c],
Setup,,,,[Location__c],
AudioVisual,,,,[Location__c],
Additional,,,,[Location__c],
Billing,,,,[Location__c],
Rental,,,,[Location__c],
Packages Total,,,,[Location__c],
Food,,,,[Location__c],
Beverage,,,,[Location__c],
Setup,,,,[Location__c],
AudioVisual,,,,[Location__c],
Additional,,,,[Location__c],
Billing,,,,[Location__c],
Rental,,,,[Location__c],
Packages Total,,,,[Location__c],
Food,,,,[Location__c],
Beverage,,,,[Location__c],
Setup,,,,[Location__c],
AudioVisual,,,,[Location__c],
Additional,,,,[Location__c],
Billing,,,,[Location__c],
Rental,,,,[Location__c],
Packages Total,,,,[Location__c],
Food,,,,[Location__c],
Beverage,,,,[Location__c],
Setup,,,,[Location__c],
AudioVisual,,,,[Location__c],
Additional,,,,[Location__c],
Billing,,,,[Location__c],
Rental,,,,[Location__c],
Packages Total,,,,[Location__c],
Food,,,,[Location__c],
Beverage,,,,[Location__c],
Audio Visual,,,,[Location__c],
Setup & Additional Items,,,,[Location__c],
Rental,,,,[Location__c],
Food,,,,[Location__c],
Beverage,,,,[Location__c],
Audio Visual,,,,[Location__c],
Setup & Additional Items,,,,[Location__c],
Rental,,,,[Location__c],
Food,,,,[Location__c],
Beverage,,,,[Location__c],
Audio Visual,,,,[Location__c],
Setup & Additional Items,,,,[Location__c],
Rental,,,,[Location__c],
Guestroom,,,,[Location__c],
Event,,,,[Location__c],
Guestroom,,,,[Location__c],
Event,,,,[Location__c],
Food,,,,[Location__c],
Beverage,,,,[Location__c],
AudioVisual,,,,[Location__c],
Setup,,,,[Location__c],
Food,,,,[Location__c],
Beverage,,,,[Location__c],
AudioVisual,,,,[Location__c],
Setup,,,,[Location__c],
Rental,,,,[Location__c],
Packages Total,,,,[Location__c],
Food,,,,[Location__c],
Beverage,,,,[Location__c],
AudioVisual,,,,[Location__c],
Setup,,,,[Location__c],
Rental,,,,[Location__c],
Packages Total,,,,[Location__c],
Food,,,,[Location__c],
Beverage,,,,[Location__c],
AudioVisual,,,,[Location__c],
Setup,,,,[Location__c],
Rental,,,,[Location__c],
Packages Total,,,,[Location__c],
Food,,,,[Location__c],
Beverage,,,,[Location__c],
AudioVisual,,,,[Location__c],
Setup,,,,[Location__c],
Rental,,,,[Location__c],
Packages Total,,,,[Location__c],
Food,,,,[Location__c],
Beverage,,,,[Location__c],
AudioVisual,,,,[Location__c],
Setup,,,,[Location__c],
Rental,,,,[Location__c],
Packages Total,,,,[Location__c],
Food,,,,[Location__c],
Beverage,,,,[Location__c],
AudioVisual,,,,[Location__c],
Setup,,,,[Location__c],
Additional,,,,[Location__c],
Food,,,,[Location__c],
Beverage,,,,[Location__c],
AudioVisual,,,,[Location__c],
Setup,,,,[Location__c],
Additional,,,,[Location__c],
Rental,,,,[Location__c],
Packages Total,,,,[Location__c],
Food,,,,[Location__c],
Beverage,,,,[Location__c],
AudioVisual,,,,[Location__c],
Setup,,,,[Location__c],
Additional,,,,[Location__c],
Rental,,,,[Location__c],
Packages Total,,,,[Location__c],
Food,,,,[Location__c],
Beverage,,,,[Location__c],
AudioVisual,,,,[Location__c],
Setup,,,,[Location__c],
Additional,,,,[Location__c],
Rental,,,,[Location__c],
Packages Total,,,,[Location__c],
Food,,,,[Location__c],
Beverage,,,,[Location__c],
AudioVisual,,,,[Location__c],
Setup,,,,[Location__c],
Additional,,,,[Location__c],
Rental,,,,[Location__c],
Packages Total,,,,[Location__c],
Food,,,,[Location__c],
Beverage,,,,[Location__c],
AudioVisual,,,,[Location__c],
Setup,,,,[Location__c],
Additional,,,,[Location__c],
Rental,,,,[Location__c],
Packages Total,,,,[Location__c],
Food,,,,[Location__c],
Beverage,,,,[Location__c],
Setup,,,,[Location__c],
AudioVisual,,,,[Location__c],
Additional,,,,[Location__c],
Billing,,,,[Location__c],
Food,,,,[Location__c],
Beverage,,,,[Location__c],
Setup,,,,[Location__c],
AudioVisual,,,,[Location__c],
Additional,,,,[Location__c],
Billing,,,,[Location__c],
Rental,,,,[Location__c],
Packages Total,,,,[Location__c],
Food,,,,[Location__c],
Beverage,,,,[Location__c],
Setup,,,,[Location__c],
AudioVisual,,,,[Location__c],
Additional,,,,[Location__c],
Billing,,,,[Location__c],
Rental,,,,[Location__c],
Packages Total,,,,[Location__c],
Food,,,,[Location__c],
Beverage,,,,[Location__c],
Setup,,,,[Location__c],
AudioVisual,,,,[Location__c],
Additional,,,,[Location__c],
Billing,,,,[Location__c],
Rental,,,,[Location__c],
Packages Total,,,,[Location__c],
Food,,,,[Location__c],
Beverage,,,,[Location__c],
Setup,,,,[Location__c],
AudioVisual,,,,[Location__c],
Additional,,,,[Location__c],
Billing,,,,[Location__c],
Rental,,,,[Location__c],
Packages Total,,,,[Location__c],
Food,,,,[Location__c],
Beverage,,,,[Location__c],
Setup,,,,[Location__c],
AudioVisual,,,,[Location__c],
Additional,,,,[Location__c],
Billing,,,,[Location__c],
Rental,,,,[Location__c],
Packages Total,,,,[Location__c],
Food,,,,[Location__c],
Beverage,,,,[Location__c],
Audio Visual,,,,[Location__c],
Setup & Additional Items,,,,[Location__c],
Rental,,,,[Location__c],
Food,,,,[Location__c],
Beverage,,,,[Location__c],
Audio Visual,,,,[Location__c],
Setup & Additional Items,,,,[Location__c],
Rental,,,,[Location__c],
Food,,,,[Location__c],
Beverage,,,,[Location__c],
Audio Visual,,,,[Location__c],
Setup & Additional Items,,,,[Location__c],
Rental,,,,[Location__c],
Guestroom,,,,[Location__c],
Event,,,,[Location__c],
Guestroom,,,,[Location__c],
Event,,,,[Location__c],
Food,,,,[Location__c],
Beverage,,,,[Location__c],
AudioVisual,,,,[Location__c],
Setup,,,,[Location__c],
Food,,,,[Location__c],
Beverage,,,,[Location__c],
AudioVisual,,,,[Location__c],
Setup,,,,[Location__c],
Rental,,,,[Location__c],
Packages Total,,,,[Location__c],
Food,,,,[Location__c],
Beverage,,,,[Location__c],
AudioVisual,,,,[Location__c],
Setup,,,,[Location__c],
Rental,,,,[Location__c],
Packages Total,,,,[Location__c],
Food,,,,[Location__c],
Beverage,,,,[Location__c],
AudioVisual,,,,[Location__c],
Setup,,,,[Location__c],
Rental,,,,[Location__c],
Packages Total,,,,[Location__c],
Food,,,,[Location__c],
Beverage,,,,[Location__c],
AudioVisual,,,,[Location__c],
Setup,,,,[Location__c],
Rental,,,,[Location__c],
Packages Total,,,,[Location__c],
Food,,,,[Location__c],
Beverage,,,,[Location__c],
AudioVisual,,,,[Location__c],
Setup,,,,[Location__c],
Rental,,,,[Location__c],
Packages Total,,,,[Location__c],
Food,,,,[Location__c],
Beverage,,,,[Location__c],
AudioVisual,,,,[Location__c],
Setup,,,,[Location__c],
Additional,,,,[Location__c],
Food,,,,[Location__c],
Beverage,,,,[Location__c],
AudioVisual,,,,[Location__c],
Setup,,,,[Location__c],
Additional,,,,[Location__c],
Rental,,,,[Location__c],
Packages Total,,,,[Location__c],
Food,,,,[Location__c],
Beverage,,,,[Location__c],
AudioVisual,,,,[Location__c],
Setup,,,,[Location__c],
Additional,,,,[Location__c],
Rental,,,,[Location__c],
Packages Total,,,,[Location__c],
Food,,,,[Location__c],
Beverage,,,,[Location__c],
AudioVisual,,,,[Location__c],
Setup,,,,[Location__c],
Additional,,,,[Location__c],
Rental,,,,[Location__c],
Packages Total,,,,[Location__c],
Food,,,,[Location__c],
Beverage,,,,[Location__c],
AudioVisual,,,,[Location__c],
Setup,,,,[Location__c],
Additional,,,,[Location__c],
Rental,,,,[Location__c],
Packages Total,,,,[Location__c],
Food,,,,[Location__c],
Beverage,,,,[Location__c],
AudioVisual,,,,[Location__c],
Setup,,,,[Location__c],
Additional,,,,[Location__c],
Rental,,,,[Location__c],
Packages Total,,,,[Location__c],
Food,,,,[Location__c],
Beverage,,,,[Location__c],
Setup,,,,[Location__c],
AudioVisual,,,,[Location__c],
Additional,,,,[Location__c],
Billing,,,,[Location__c],
Food,,,,[Location__c],
Beverage,,,,[Location__c],
Setup,,,,[Location__c],
AudioVisual,,,,[Location__c],
Additional,,,,[Location__c],
Billing,,,,[Location__c],
Rental,,,,[Location__c],
Packages Total,,,,[Location__c],
Food,,,,[Location__c],
Beverage,,,,[Location__c],
Setup,,,,[Location__c],
AudioVisual,,,,[Location__c],
Additional,,,,[Location__c],
Billing,,,,[Location__c],
Rental,,,,[Location__c],
Guestroom,,,,[Location__c],
Event,,,,[Location__c],
Guestroom,,,,[Location__c],
Event,,,,[Location__c],
Food,,,,[Location__c],
Beverage,,,,[Location__c],
AudioVisual,,,,[Location__c],
Setup,,,,[Location__c],
Food,,,,[Location__c],
Beverage,,,,[Location__c],
AudioVisual,,,,[Location__c],
Setup,,,,[Location__c],
Rental,,,,[Location__c],
Packages Total,,,,[Location__c],
Food,,,,[Location__c],
Beverage,,,,[Location__c],
AudioVisual,,,,[Location__c],
Setup,,,,[Location__c],
Rental,,,,[Location__c],
Packages Total,,,,[Location__c],
Food,,,,[Location__c],
Beverage,,,,[Location__c],
AudioVisual,,,,[Location__c],
Setup,,,,[Location__c],
Rental,,,,[Location__c],
Packages Total,,,,[Location__c],
Food,,,,[Location__c],
Beverage,,,,[Location__c],
AudioVisual,,,,[Location__c],
Setup,,,,[Location__c],
Rental,,,,[Location__c],
Packages Total,,,,[Location__c],
Food,,,,[Location__c],
Beverage,,,,[Location__c],
AudioVisual,,,,[Location__c],
Setup,,,,[Location__c],
Rental,,,,[Location__c],
Packages Total,,,,[Location__c],
Food,,,,[Location__c],
Beverage,,,,[Location__c],
AudioVisual,,,,[Location__c],
Setup,,,,[Location__c],
Additional,,,,[Location__c],
Food,,,,[Location__c],
Beverage,,,,[Location__c],
AudioVisual,,,,[Location__c],
Setup,,,,[Location__c],
Additional,,,,[Location__c],
Rental,,,,[Location__c],
Packages Total,,,,[Location__c],
Food,,,,[Location__c],
Beverage,,,,[Location__c],
AudioVisual,,,,[Location__c],
Setup,,,,[Location__c],
Additional,,,,[Location__c],
Rental,,,,[Location__c],
Packages Total,,,,[Location__c],
Food,,,,[Location__c],
Beverage,,,,[Location__c],
AudioVisual,,,,[Location__c],
Setup,,,,[Location__c],
Additional,,,,[Location__c],
Rental,,,,[Location__c],
Packages Total,,,,[Location__c],
Food,,,,[Location__c],
Beverage,,,,[Location__c],
AudioVisual,,,,[Location__c],
Setup,,,,[Location__c],
Additional,,,,[Location__c],
Rental,,,,[Location__c],
Packages Total,,,,[Location__c],
Food,,,,[Location__c],
Beverage,,,,[Location__c],
AudioVisual,,,,[Location__c],
Setup,,,,[Location__c],
Additional,,,,[Location__c],
Rental,,,,[Location__c],
Packages Total,,,,[Location__c],
Food,,,,[Location__c],
Beverage,,,,[Location__c],
Setup,,,,[Location__c],
AudioVisual,,,,[Location__c],
Additional,,,,[Location__c],
Billing,,,,[Location__c],
Food,,,,[Location__c],
Beverage,,,,[Location__c],
Setup,,,,[Location__c],
AudioVisual,,,,[Location__c],
Additional,,,,[Location__c],
Billing,,,,[Location__c],
Rental,,,,[Location__c],
Packages Total,,,,[Location__c],
Food,,,,[Location__c],
Beverage,,,,[Location__c],
Setup,,,,[Location__c],
AudioVisual,,,,[Location__c],
Additional,,,,[Location__c],
Billing,,,,[Location__c],
Packages Total,,,,[Location__c],
Food,,,,[Location__c],
Beverage,,,,[Location__c],
Setup,,,,[Location__c],
AudioVisual,,,,[Location__c],
Additional,,,,[Location__c],
Billing,,,,[Location__c],
Rental,,,,[Location__c],
Packages Total,,,,[Location__c],
Food,,,,[Location__c],
Beverage,,,,[Location__c],
Setup,,,,[Location__c],
AudioVisual,,,,[Location__c],
Additional,,,,[Location__c],
Billing,,,,[Location__c],
Rental,,,,[Location__c],
Packages Total,,,,[Location__c],
Food,,,,[Location__c],
Beverage,,,,[Location__c],
Setup,,,,[Location__c],
AudioVisual,,,,[Location__c],
Additional,,,,[Location__c],
Billing,,,,[Location__c],
Rental,,,,[Location__c],
Packages Total,,,,[Location__c],
Food,,,,[Location__c],
Beverage,,,,[Location__c],
Audio Visual,,,,[Location__c],
Setup & Additional Items,,,,[Location__c],
Rental,,,,[Location__c],
Food,,,,[Location__c],
Beverage,,,,[Location__c],
Audio Visual,,,,[Location__c],
Setup & Additional Items,,,,[Location__c],
Rental,,,,[Location__c],
Food,,,,[Location__c],
Beverage,,,,[Location__c],
Audio Visual,,,,[Location__c],
Setup & Additional Items,,,,[Location__c],
Rental,,,,[Location__c],
Rental,,,,[Location__c],
Packages Total,,,,[Location__c],
Food,,,,[Location__c],
Beverage,,,,[Location__c],
Setup,,,,[Location__c],
AudioVisual,,,,[Location__c],
Additional,,,,[Location__c],
Billing,,,,[Location__c],
Rental,,,,[Location__c],
Packages Total,,,,[Location__c],
Food,,,,[Location__c],
Beverage,,,,[Location__c],
Setup,,,,[Location__c],
AudioVisual,,,,[Location__c],
Additional,,,,[Location__c],
Billing,,,,[Location__c],
Rental,,,,[Location__c],
Packages Total,,,,[Location__c],
Food,,,,[Location__c],
Beverage,,,,[Location__c],
Setup,,,,[Location__c],
AudioVisual,,,,[Location__c],
Additional,,,,[Location__c],
Billing,,,,[Location__c],
Rental,,,,[Location__c],
Packages Total,,,,[Location__c],
Food,,,,[Location__c],
Beverage,,,,[Location__c],
Audio Visual,,,,[Location__c],
Setup & Additional Items,,,,[Location__c],
Rental,,,,[Location__c],
Food,,,,[Location__c],
Beverage,,,,[Location__c],
Audio Visual,,,,[Location__c],
Setup & Additional Items,,,,[Location__c],
Rental,,,,[Location__c],
Food,,,,[Location__c],
Beverage,,,,[Location__c],
Audio Visual,,,,[Location__c],
Setup & Additional Items,,,,[Location__c],
Rental,,,,[Location__c],
Guestroom,,,,[Location__c],
Event,,,,[Location__c],
Guestroom,,,,[Location__c],
Event,,,,[Location__c],
Food,,,,[Location__c],
Beverage,,,,[Location__c],
AudioVisual,,,,[Location__c],
Setup,,,,[Location__c],
Food,,,,[Location__c],
Beverage,,,,[Location__c],
AudioVisual,,,,[Location__c],
Setup,,,,[Location__c],
Rental,,,,[Location__c],
Packages Total,,,,[Location__c],
Food,,,,[Location__c],
Beverage,,,,[Location__c],
AudioVisual,,,,[Location__c],
Setup,,,,[Location__c],
Rental,,,,[Location__c],
Packages Total,,,,[Location__c],
Food,,,,[Location__c],
Beverage,,,,[Location__c],
AudioVisual,,,,[Location__c],
Setup,,,,[Location__c],
Rental,,,,[Location__c],
Packages Total,,,,[Location__c],
Food,,,,[Location__c],
Beverage,,,,[Location__c],
AudioVisual,,,,[Location__c],
Setup,,,,[Location__c],
Rental,,,,[Location__c],
Packages Total,,,,[Location__c],
Food,,,,[Location__c],
Beverage,,,,[Location__c],
AudioVisual,,,,[Location__c],
Setup,,,,[Location__c],
Rental,,,,[Location__c],
Packages Total,,,,[Location__c],
Food,,,,[Location__c],
Beverage,,,,[Location__c],
AudioVisual,,,,[Location__c],
Setup,,,,[Location__c],
Additional,,,,[Location__c],
Food,,,,[Location__c],
Beverage,,,,[Location__c],
AudioVisual,,,,[Location__c],
Setup,,,,[Location__c],
Additional,,,,[Location__c],
Rental,,,,[Location__c],
Packages Total,,,,[Location__c],
Food,,,,[Location__c],
Beverage,,,,[Location__c],
AudioVisual,,,,[Location__c],
Setup,,,,[Location__c],
Additional,,,,[Location__c],
Rental,,,,[Location__c],
Packages Total,,,,[Location__c],
Food,,,,[Location__c],
Beverage,,,,[Location__c],
AudioVisual,,,,[Location__c],
Setup,,,,[Location__c],
Additional,,,,[Location__c],
Rental,,,,[Location__c],
Packages Total,,,,[Location__c],
Food,,,,[Location__c],
Beverage,,,,[Location__c],
AudioVisual,,,,[Location__c],
Setup,,,,[Location__c],
Additional,,,,[Location__c],
Rental,,,,[Location__c],
Packages Total,,,,[Location__c],
Food,,,,[Location__c],
Beverage,,,,[Location__c],
AudioVisual,,,,[Location__c],
Setup,,,,[Location__c],
Additional,,,,[Location__c],
Rental,,,,[Location__c],
Packages Total,,,,[Location__c],
Food,,,,[Location__c],
Beverage,,,,[Location__c],
Setup,,,,[Location__c],
AudioVisual,,,,[Location__c],
Additional,,,,[Location__c],
Billing,,,,[Location__c],
Food,,,,[Location__c],
Beverage,,,,[Location__c],
Setup,,,,[Location__c],
AudioVisual,,,,[Location__c],
Additional,,,,[Location__c],
Billing,,,,[Location__c],
Rental,,,,[Location__c],
Packages Total,,,,[Location__c],
Food,,,,[Location__c],
Beverage,,,,[Location__c],
Setup,,,,[Location__c],
AudioVisual,,,,[Location__c],
Additional,,,,[Location__c],
Billing,,,,[Location__c],
Rental,,,,[Location__c],
Packages Total,,,,[Location__c],
Food,,,,[Location__c],
Beverage,,,,[Location__c],
Setup,,,,[Location__c],
AudioVisual,,,,[Location__c],
Additional,,,,[Location__c],
Billing,,,,[Location__c],
Rental,,,,[Location__c],
Packages Total,,,,[Location__c],
Food,,,,[Location__c],
Beverage,,,,[Location__c],
Setup,,,,[Location__c],
AudioVisual,,,,[Location__c],
Additional,,,,[Location__c],
Billing,,,,[Location__c],
Rental,,,,[Location__c],
Packages Total,,,,[Location__c],
Food,,,,[Location__c],
Beverage,,,,[Location__c],
Setup,,,,[Location__c],
AudioVisual,,,,[Location__c],
Additional,,,,[Location__c],
Billing,,,,[Location__c],
Rental,,,,[Location__c],
Packages Total,,,,[Location__c],
Food,,,,[Location__c],
Beverage,,,,[Location__c],
Audio Visual,,,,[Location__c],
Setup & Additional Items,,,,[Location__c],
Rental,,,,[Location__c],
Food,,,,[Location__c],
Beverage,,,,[Location__c],
Audio Visual,,,,[Location__c],
Setup & Additional Items,,,,[Location__c],
Rental,,,,[Location__c],
Food,,,,[Location__c],
Beverage,,,,[Location__c],
Audio Visual,,,,[Location__c],
Setup & Additional Items,,,,[Location__c],
Rental,,,,[Location__c],
