"_","Name","UniqueExternalId__c","ExternalId__c","SourceSystemExternalId__c","Location__r","Location__r.UniqueExternalId__c"
"[DocumentSection__c]","Guestroom","","","","[Location__c]",""
"[DocumentSection__c]","Event","","","","[Location__c]",""
"[DocumentSection__c]","Guestroom","","","","[Location__c]",""
"[DocumentSection__c]","Event","","","","[Location__c]",""
"[DocumentSection__c]","Food","","","","[Location__c]",""
"[DocumentSection__c]","Beverage","","","","[Location__c]",""
"[DocumentSection__c]","AudioVisual","","","","[Location__c]",""
"[DocumentSection__c]","Setup","","","","[Location__c]",""
"[DocumentSection__c]","Food","","","","[Location__c]",""
"[DocumentSection__c]","Beverage","","","","[Location__c]",""
"[DocumentSection__c]","AudioVisual","","","","[Location__c]",""
"[DocumentSection__c]","Setup","","","","[Location__c]",""
"[DocumentSection__c]","Rental","","","","[Location__c]",""
"[DocumentSection__c]","Packages Total","","","","[Location__c]",""
"[DocumentSection__c]","Food","","","","[Location__c]",""
"[DocumentSection__c]","Beverage","","","","[Location__c]",""
"[DocumentSection__c]","AudioVisual","","","","[Location__c]",""
"[DocumentSection__c]","Setup","","","","[Location__c]",""
"[DocumentSection__c]","Rental","","","","[Location__c]",""
"[DocumentSection__c]","Packages Total","","","","[Location__c]",""
"[DocumentSection__c]","Food","","","","[Location__c]",""
"[DocumentSection__c]","Beverage","","","","[Location__c]",""
"[DocumentSection__c]","AudioVisual","","","","[Location__c]",""
"[DocumentSection__c]","Setup","","","","[Location__c]",""
"[DocumentSection__c]","Rental","","","","[Location__c]",""
"[DocumentSection__c]","Packages Total","","","","[Location__c]",""
"[DocumentSection__c]","Food","","","","[Location__c]",""
"[DocumentSection__c]","Beverage","","","","[Location__c]",""
"[DocumentSection__c]","AudioVisual","","","","[Location__c]",""
"[DocumentSection__c]","Setup","","","","[Location__c]",""
"[DocumentSection__c]","Rental","","","","[Location__c]",""
"[DocumentSection__c]","Packages Total","","","","[Location__c]",""
"[DocumentSection__c]","Food","","","","[Location__c]",""
"[DocumentSection__c]","Beverage","","","","[Location__c]",""
"[DocumentSection__c]","AudioVisual","","","","[Location__c]",""
"[DocumentSection__c]","Setup","","","","[Location__c]",""
"[DocumentSection__c]","Rental","","","","[Location__c]",""
"[DocumentSection__c]","Packages Total","","","","[Location__c]",""
"[DocumentSection__c]","Food","","","","[Location__c]",""
"[DocumentSection__c]","Beverage","","","","[Location__c]",""
"[DocumentSection__c]","AudioVisual","","","","[Location__c]",""
"[DocumentSection__c]","Setup","","","","[Location__c]",""
"[DocumentSection__c]","Additional","","","","[Location__c]",""
"[DocumentSection__c]","Food","","","","[Location__c]",""
"[DocumentSection__c]","Beverage","","","","[Location__c]",""
"[DocumentSection__c]","AudioVisual","","","","[Location__c]",""
"[DocumentSection__c]","Setup","","","","[Location__c]",""
"[DocumentSection__c]","Additional","","","","[Location__c]",""
"[DocumentSection__c]","Rental","","","","[Location__c]",""
"[DocumentSection__c]","Packages Total","","","","[Location__c]",""
"[DocumentSection__c]","Food","","","","[Location__c]",""
"[DocumentSection__c]","Beverage","","","","[Location__c]",""
"[DocumentSection__c]","AudioVisual","","","","[Location__c]",""
"[DocumentSection__c]","Setup","","","","[Location__c]",""
"[DocumentSection__c]","Additional","","","","[Location__c]",""
"[DocumentSection__c]","Rental","","","","[Location__c]",""
"[DocumentSection__c]","Packages Total","","","","[Location__c]",""
"[DocumentSection__c]","Food","","","","[Location__c]",""
"[DocumentSection__c]","Beverage","","","","[Location__c]",""
"[DocumentSection__c]","AudioVisual","","","","[Location__c]",""
"[DocumentSection__c]","Setup","","","","[Location__c]",""
"[DocumentSection__c]","Additional","","","","[Location__c]",""
"[DocumentSection__c]","Rental","","","","[Location__c]",""
"[DocumentSection__c]","Packages Total","","","","[Location__c]",""
"[DocumentSection__c]","Food","","","","[Location__c]",""
"[DocumentSection__c]","Beverage","","","","[Location__c]",""
"[DocumentSection__c]","AudioVisual","","","","[Location__c]",""
"[DocumentSection__c]","Setup","","","","[Location__c]",""
"[DocumentSection__c]","Additional","","","","[Location__c]",""
"[DocumentSection__c]","Rental","","","","[Location__c]",""
"[DocumentSection__c]","Packages Total","","","","[Location__c]",""
"[DocumentSection__c]","Food","","","","[Location__c]",""
"[DocumentSection__c]","Beverage","","","","[Location__c]",""
"[DocumentSection__c]","AudioVisual","","","","[Location__c]",""
"[DocumentSection__c]","Setup","","","","[Location__c]",""
"[DocumentSection__c]","Additional","","","","[Location__c]",""
"[DocumentSection__c]","Rental","","","","[Location__c]",""
"[DocumentSection__c]","Packages Total","","","","[Location__c]",""
"[DocumentSection__c]","Food","","","","[Location__c]",""
"[DocumentSection__c]","Beverage","","","","[Location__c]",""
"[DocumentSection__c]","Setup","","","","[Location__c]",""
"[DocumentSection__c]","AudioVisual","","","","[Location__c]",""
"[DocumentSection__c]","Additional","","","","[Location__c]",""
"[DocumentSection__c]","Billing","","","","[Location__c]",""
"[DocumentSection__c]","Food","","","","[Location__c]",""
"[DocumentSection__c]","Beverage","","","","[Location__c]",""
"[DocumentSection__c]","Setup","","","","[Location__c]",""
"[DocumentSection__c]","AudioVisual","","","","[Location__c]",""
"[DocumentSection__c]","Additional","","","","[Location__c]",""
"[DocumentSection__c]","Billing","","","","[Location__c]",""
"[DocumentSection__c]","Rental","","","","[Location__c]",""
"[DocumentSection__c]","Packages Total","","","","[Location__c]",""
"[DocumentSection__c]","Food","","","","[Location__c]",""
"[DocumentSection__c]","Beverage","","","","[Location__c]",""
"[DocumentSection__c]","Setup","","","","[Location__c]",""
"[DocumentSection__c]","AudioVisual","","","","[Location__c]",""
"[DocumentSection__c]","Additional","","","","[Location__c]",""
"[DocumentSection__c]","Billing","","","","[Location__c]",""
"[DocumentSection__c]","Rental","","","","[Location__c]",""
"[DocumentSection__c]","Packages Total","","","","[Location__c]",""
"[DocumentSection__c]","Food","","","","[Location__c]",""
"[DocumentSection__c]","Beverage","","","","[Location__c]",""
"[DocumentSection__c]","Setup","","","","[Location__c]",""
"[DocumentSection__c]","AudioVisual","","","","[Location__c]",""
"[DocumentSection__c]","Additional","","","","[Location__c]",""
"[DocumentSection__c]","Billing","","","","[Location__c]",""
"[DocumentSection__c]","Rental","","","","[Location__c]",""
"[DocumentSection__c]","Packages Total","","","","[Location__c]",""
"[DocumentSection__c]","Food","","","","[Location__c]",""
"[DocumentSection__c]","Beverage","","","","[Location__c]",""
"[DocumentSection__c]","Setup","","","","[Location__c]",""
"[DocumentSection__c]","AudioVisual","","","","[Location__c]",""
"[DocumentSection__c]","Additional","","","","[Location__c]",""
"[DocumentSection__c]","Billing","","","","[Location__c]",""
"[DocumentSection__c]","Rental","","","","[Location__c]",""
"[DocumentSection__c]","Packages Total","","","","[Location__c]",""
"[DocumentSection__c]","Food","","","","[Location__c]",""
"[DocumentSection__c]","Beverage","","","","[Location__c]",""
"[DocumentSection__c]","Setup","","","","[Location__c]",""
"[DocumentSection__c]","AudioVisual","","","","[Location__c]",""
"[DocumentSection__c]","Additional","","","","[Location__c]",""
"[DocumentSection__c]","Billing","","","","[Location__c]",""
"[DocumentSection__c]","Rental","","","","[Location__c]",""
"[DocumentSection__c]","Packages Total","","","","[Location__c]",""
"[DocumentSection__c]","Food","","","","[Location__c]",""
"[DocumentSection__c]","Beverage","","","","[Location__c]",""
"[DocumentSection__c]","Audio Visual","","","","[Location__c]",""
"[DocumentSection__c]","Setup & Additional Items","","","","[Location__c]",""
"[DocumentSection__c]","Rental","","","","[Location__c]",""
"[DocumentSection__c]","Food","","","","[Location__c]",""
"[DocumentSection__c]","Beverage","","","","[Location__c]",""
"[DocumentSection__c]","Audio Visual","","","","[Location__c]",""
"[DocumentSection__c]","Setup & Additional Items","","","","[Location__c]",""
"[DocumentSection__c]","Rental","","","","[Location__c]",""
"[DocumentSection__c]","Food","","","","[Location__c]",""
"[DocumentSection__c]","Beverage","","","","[Location__c]",""
"[DocumentSection__c]","Audio Visual","","","","[Location__c]",""
"[DocumentSection__c]","Setup & Additional Items","","","","[Location__c]",""
"[DocumentSection__c]","Rental","","","","[Location__c]",""
"[DocumentSection__c]","Guestroom","","","","[Location__c]",""
"[DocumentSection__c]","Event","","","","[Location__c]",""
"[DocumentSection__c]","Guestroom","","","","[Location__c]",""
"[DocumentSection__c]","Event","","","","[Location__c]",""
"[DocumentSection__c]","Food","","","","[Location__c]",""
"[DocumentSection__c]","Beverage","","","","[Location__c]",""
"[DocumentSection__c]","AudioVisual","","","","[Location__c]",""
"[DocumentSection__c]","Setup","","","","[Location__c]",""
"[DocumentSection__c]","Food","","","","[Location__c]",""
"[DocumentSection__c]","Beverage","","","","[Location__c]",""
"[DocumentSection__c]","AudioVisual","","","","[Location__c]",""
"[DocumentSection__c]","Setup","","","","[Location__c]",""
"[DocumentSection__c]","Rental","","","","[Location__c]",""
"[DocumentSection__c]","Packages Total","","","","[Location__c]",""
"[DocumentSection__c]","Food","","","","[Location__c]",""
"[DocumentSection__c]","Beverage","","","","[Location__c]",""
"[DocumentSection__c]","AudioVisual","","","","[Location__c]",""
"[DocumentSection__c]","Setup","","","","[Location__c]",""
"[DocumentSection__c]","Rental","","","","[Location__c]",""
"[DocumentSection__c]","Packages Total","","","","[Location__c]",""
"[DocumentSection__c]","Food","","","","[Location__c]",""
"[DocumentSection__c]","Beverage","","","","[Location__c]",""
"[DocumentSection__c]","AudioVisual","","","","[Location__c]",""
"[DocumentSection__c]","Setup","","","","[Location__c]",""
"[DocumentSection__c]","Rental","","","","[Location__c]",""
"[DocumentSection__c]","Packages Total","","","","[Location__c]",""
"[DocumentSection__c]","Food","","","","[Location__c]",""
"[DocumentSection__c]","Beverage","","","","[Location__c]",""
"[DocumentSection__c]","AudioVisual","","","","[Location__c]",""
"[DocumentSection__c]","Setup","","","","[Location__c]",""
"[DocumentSection__c]","Rental","","","","[Location__c]",""
"[DocumentSection__c]","Packages Total","","","","[Location__c]",""
"[DocumentSection__c]","Food","","","","[Location__c]",""
"[DocumentSection__c]","Beverage","","","","[Location__c]",""
"[DocumentSection__c]","AudioVisual","","","","[Location__c]",""
"[DocumentSection__c]","Setup","","","","[Location__c]",""
"[DocumentSection__c]","Rental","","","","[Location__c]",""
"[DocumentSection__c]","Packages Total","","","","[Location__c]",""
"[DocumentSection__c]","Food","","","","[Location__c]",""
"[DocumentSection__c]","Beverage","","","","[Location__c]",""
"[DocumentSection__c]","AudioVisual","","","","[Location__c]",""
"[DocumentSection__c]","Setup","","","","[Location__c]",""
"[DocumentSection__c]","Additional","","","","[Location__c]",""
"[DocumentSection__c]","Food","","","","[Location__c]",""
"[DocumentSection__c]","Beverage","","","","[Location__c]",""
"[DocumentSection__c]","AudioVisual","","","","[Location__c]",""
"[DocumentSection__c]","Setup","","","","[Location__c]",""
"[DocumentSection__c]","Additional","","","","[Location__c]",""
"[DocumentSection__c]","Rental","","","","[Location__c]",""
"[DocumentSection__c]","Packages Total","","","","[Location__c]",""
"[DocumentSection__c]","Food","","","","[Location__c]",""
"[DocumentSection__c]","Beverage","","","","[Location__c]",""
"[DocumentSection__c]","AudioVisual","","","","[Location__c]",""
"[DocumentSection__c]","Setup","","","","[Location__c]",""
"[DocumentSection__c]","Additional","","","","[Location__c]",""
"[DocumentSection__c]","Rental","","","","[Location__c]",""
"[DocumentSection__c]","Packages Total","","","","[Location__c]",""
"[DocumentSection__c]","Food","","","","[Location__c]",""
"[DocumentSection__c]","Beverage","","","","[Location__c]",""
"[DocumentSection__c]","AudioVisual","","","","[Location__c]",""
"[DocumentSection__c]","Setup","","","","[Location__c]",""
"[DocumentSection__c]","Additional","","","","[Location__c]",""
"[DocumentSection__c]","Rental","","","","[Location__c]",""
"[DocumentSection__c]","Packages Total","","","","[Location__c]",""
"[DocumentSection__c]","Food","","","","[Location__c]",""
"[DocumentSection__c]","Beverage","","","","[Location__c]",""
"[DocumentSection__c]","AudioVisual","","","","[Location__c]",""
"[DocumentSection__c]","Setup","","","","[Location__c]",""
"[DocumentSection__c]","Additional","","","","[Location__c]",""
"[DocumentSection__c]","Rental","","","","[Location__c]",""
"[DocumentSection__c]","Packages Total","","","","[Location__c]",""
"[DocumentSection__c]","Food","","","","[Location__c]",""
"[DocumentSection__c]","Beverage","","","","[Location__c]",""
"[DocumentSection__c]","AudioVisual","","","","[Location__c]",""
"[DocumentSection__c]","Setup","","","","[Location__c]",""
"[DocumentSection__c]","Additional","","","","[Location__c]",""
"[DocumentSection__c]","Rental","","","","[Location__c]",""
"[DocumentSection__c]","Packages Total","","","","[Location__c]",""
"[DocumentSection__c]","Food","","","","[Location__c]",""
"[DocumentSection__c]","Beverage","","","","[Location__c]",""
"[DocumentSection__c]","Setup","","","","[Location__c]",""
"[DocumentSection__c]","AudioVisual","","","","[Location__c]",""
"[DocumentSection__c]","Additional","","","","[Location__c]",""
"[DocumentSection__c]","Billing","","","","[Location__c]",""
"[DocumentSection__c]","Food","","","","[Location__c]",""
"[DocumentSection__c]","Beverage","","","","[Location__c]",""
"[DocumentSection__c]","Setup","","","","[Location__c]",""
"[DocumentSection__c]","AudioVisual","","","","[Location__c]",""
"[DocumentSection__c]","Additional","","","","[Location__c]",""
"[DocumentSection__c]","Billing","","","","[Location__c]",""
"[DocumentSection__c]","Rental","","","","[Location__c]",""
"[DocumentSection__c]","Packages Total","","","","[Location__c]",""
"[DocumentSection__c]","Food","","","","[Location__c]",""
"[DocumentSection__c]","Beverage","","","","[Location__c]",""
"[DocumentSection__c]","Setup","","","","[Location__c]",""
"[DocumentSection__c]","AudioVisual","","","","[Location__c]",""
"[DocumentSection__c]","Additional","","","","[Location__c]",""
"[DocumentSection__c]","Billing","","","","[Location__c]",""
"[DocumentSection__c]","Rental","","","","[Location__c]",""
"[DocumentSection__c]","Packages Total","","","","[Location__c]",""
"[DocumentSection__c]","Food","","","","[Location__c]",""
"[DocumentSection__c]","Beverage","","","","[Location__c]",""
"[DocumentSection__c]","Setup","","","","[Location__c]",""
"[DocumentSection__c]","AudioVisual","","","","[Location__c]",""
"[DocumentSection__c]","Additional","","","","[Location__c]",""
"[DocumentSection__c]","Billing","","","","[Location__c]",""
"[DocumentSection__c]","Rental","","","","[Location__c]",""
"[DocumentSection__c]","Packages Total","","","","[Location__c]",""
"[DocumentSection__c]","Food","","","","[Location__c]",""
"[DocumentSection__c]","Beverage","","","","[Location__c]",""
"[DocumentSection__c]","Setup","","","","[Location__c]",""
"[DocumentSection__c]","AudioVisual","","","","[Location__c]",""
"[DocumentSection__c]","Additional","","","","[Location__c]",""
"[DocumentSection__c]","Billing","","","","[Location__c]",""
"[DocumentSection__c]","Rental","","","","[Location__c]",""
"[DocumentSection__c]","Packages Total","","","","[Location__c]",""
"[DocumentSection__c]","Food","","","","[Location__c]",""
"[DocumentSection__c]","Beverage","","","","[Location__c]",""
"[DocumentSection__c]","Setup","","","","[Location__c]",""
"[DocumentSection__c]","AudioVisual","","","","[Location__c]",""
"[DocumentSection__c]","Additional","","","","[Location__c]",""
"[DocumentSection__c]","Billing","","","","[Location__c]",""
"[DocumentSection__c]","Rental","","","","[Location__c]",""
"[DocumentSection__c]","Packages Total","","","","[Location__c]",""
"[DocumentSection__c]","Food","","","","[Location__c]",""
"[DocumentSection__c]","Beverage","","","","[Location__c]",""
"[DocumentSection__c]","Audio Visual","","","","[Location__c]",""
"[DocumentSection__c]","Setup & Additional Items","","","","[Location__c]",""
"[DocumentSection__c]","Rental","","","","[Location__c]",""
"[DocumentSection__c]","Food","","","","[Location__c]",""
"[DocumentSection__c]","Beverage","","","","[Location__c]",""
"[DocumentSection__c]","Audio Visual","","","","[Location__c]",""
"[DocumentSection__c]","Setup & Additional Items","","","","[Location__c]",""
"[DocumentSection__c]","Rental","","","","[Location__c]",""
"[DocumentSection__c]","Food","","","","[Location__c]",""
"[DocumentSection__c]","Beverage","","","","[Location__c]",""
"[DocumentSection__c]","Audio Visual","","","","[Location__c]",""
"[DocumentSection__c]","Setup & Additional Items","","","","[Location__c]",""
"[DocumentSection__c]","Rental","","","","[Location__c]",""
"[DocumentSection__c]","Guestroom","","","","[Location__c]",""
"[DocumentSection__c]","Event","","","","[Location__c]",""
"[DocumentSection__c]","Guestroom","","","","[Location__c]",""
"[DocumentSection__c]","Event","","","","[Location__c]",""
"[DocumentSection__c]","Food","","","","[Location__c]",""
"[DocumentSection__c]","Beverage","","","","[Location__c]",""
"[DocumentSection__c]","AudioVisual","","","","[Location__c]",""
"[DocumentSection__c]","Setup","","","","[Location__c]",""
"[DocumentSection__c]","Food","","","","[Location__c]",""
"[DocumentSection__c]","Beverage","","","","[Location__c]",""
"[DocumentSection__c]","AudioVisual","","","","[Location__c]",""
"[DocumentSection__c]","Setup","","","","[Location__c]",""
"[DocumentSection__c]","Rental","","","","[Location__c]",""
"[DocumentSection__c]","Packages Total","","","","[Location__c]",""
"[DocumentSection__c]","Food","","","","[Location__c]",""
"[DocumentSection__c]","Beverage","","","","[Location__c]",""
"[DocumentSection__c]","AudioVisual","","","","[Location__c]",""
"[DocumentSection__c]","Setup","","","","[Location__c]",""
"[DocumentSection__c]","Rental","","","","[Location__c]",""
"[DocumentSection__c]","Packages Total","","","","[Location__c]",""
"[DocumentSection__c]","Food","","","","[Location__c]",""
"[DocumentSection__c]","Beverage","","","","[Location__c]",""
"[DocumentSection__c]","AudioVisual","","","","[Location__c]",""
"[DocumentSection__c]","Setup","","","","[Location__c]",""
"[DocumentSection__c]","Rental","","","","[Location__c]",""
"[DocumentSection__c]","Packages Total","","","","[Location__c]",""
"[DocumentSection__c]","Food","","","","[Location__c]",""
"[DocumentSection__c]","Beverage","","","","[Location__c]",""
"[DocumentSection__c]","AudioVisual","","","","[Location__c]",""
"[DocumentSection__c]","Setup","","","","[Location__c]",""
"[DocumentSection__c]","Rental","","","","[Location__c]",""
"[DocumentSection__c]","Packages Total","","","","[Location__c]",""
"[DocumentSection__c]","Food","","","","[Location__c]",""
"[DocumentSection__c]","Beverage","","","","[Location__c]",""
"[DocumentSection__c]","AudioVisual","","","","[Location__c]",""
"[DocumentSection__c]","Setup","","","","[Location__c]",""
"[DocumentSection__c]","Rental","","","","[Location__c]",""
"[DocumentSection__c]","Packages Total","","","","[Location__c]",""
"[DocumentSection__c]","Food","","","","[Location__c]",""
"[DocumentSection__c]","Beverage","","","","[Location__c]",""
"[DocumentSection__c]","AudioVisual","","","","[Location__c]",""
"[DocumentSection__c]","Setup","","","","[Location__c]",""
"[DocumentSection__c]","Additional","","","","[Location__c]",""
"[DocumentSection__c]","Food","","","","[Location__c]",""
"[DocumentSection__c]","Beverage","","","","[Location__c]",""
"[DocumentSection__c]","AudioVisual","","","","[Location__c]",""
"[DocumentSection__c]","Setup","","","","[Location__c]",""
"[DocumentSection__c]","Additional","","","","[Location__c]",""
"[DocumentSection__c]","Rental","","","","[Location__c]",""
"[DocumentSection__c]","Packages Total","","","","[Location__c]",""
"[DocumentSection__c]","Food","","","","[Location__c]",""
"[DocumentSection__c]","Beverage","","","","[Location__c]",""
"[DocumentSection__c]","AudioVisual","","","","[Location__c]",""
"[DocumentSection__c]","Setup","","","","[Location__c]",""
"[DocumentSection__c]","Additional","","","","[Location__c]",""
"[DocumentSection__c]","Rental","","","","[Location__c]",""
"[DocumentSection__c]","Packages Total","","","","[Location__c]",""
"[DocumentSection__c]","Food","","","","[Location__c]",""
"[DocumentSection__c]","Beverage","","","","[Location__c]",""
"[DocumentSection__c]","AudioVisual","","","","[Location__c]",""
"[DocumentSection__c]","Setup","","","","[Location__c]",""
"[DocumentSection__c]","Additional","","","","[Location__c]",""
"[DocumentSection__c]","Rental","","","","[Location__c]",""
"[DocumentSection__c]","Packages Total","","","","[Location__c]",""
"[DocumentSection__c]","Food","","","","[Location__c]",""
"[DocumentSection__c]","Beverage","","","","[Location__c]",""
"[DocumentSection__c]","AudioVisual","","","","[Location__c]",""
"[DocumentSection__c]","Setup","","","","[Location__c]",""
"[DocumentSection__c]","Additional","","","","[Location__c]",""
"[DocumentSection__c]","Rental","","","","[Location__c]",""
"[DocumentSection__c]","Packages Total","","","","[Location__c]",""
"[DocumentSection__c]","Food","","","","[Location__c]",""
"[DocumentSection__c]","Beverage","","","","[Location__c]",""
"[DocumentSection__c]","AudioVisual","","","","[Location__c]",""
"[DocumentSection__c]","Setup","","","","[Location__c]",""
"[DocumentSection__c]","Additional","","","","[Location__c]",""
"[DocumentSection__c]","Rental","","","","[Location__c]",""
"[DocumentSection__c]","Packages Total","","","","[Location__c]",""
"[DocumentSection__c]","Food","","","","[Location__c]",""
"[DocumentSection__c]","Beverage","","","","[Location__c]",""
"[DocumentSection__c]","Setup","","","","[Location__c]",""
"[DocumentSection__c]","AudioVisual","","","","[Location__c]",""
"[DocumentSection__c]","Additional","","","","[Location__c]",""
"[DocumentSection__c]","Billing","","","","[Location__c]",""
"[DocumentSection__c]","Food","","","","[Location__c]",""
"[DocumentSection__c]","Beverage","","","","[Location__c]",""
"[DocumentSection__c]","Setup","","","","[Location__c]",""
"[DocumentSection__c]","AudioVisual","","","","[Location__c]",""
"[DocumentSection__c]","Additional","","","","[Location__c]",""
"[DocumentSection__c]","Billing","","","","[Location__c]",""
"[DocumentSection__c]","Rental","","","","[Location__c]",""
"[DocumentSection__c]","Packages Total","","","","[Location__c]",""
"[DocumentSection__c]","Food","","","","[Location__c]",""
"[DocumentSection__c]","Beverage","","","","[Location__c]",""
"[DocumentSection__c]","Setup","","","","[Location__c]",""
"[DocumentSection__c]","AudioVisual","","","","[Location__c]",""
"[DocumentSection__c]","Additional","","","","[Location__c]",""
"[DocumentSection__c]","Billing","","","","[Location__c]",""
"[DocumentSection__c]","Rental","","","","[Location__c]",""
"[DocumentSection__c]","Packages Total","","","","[Location__c]",""
"[DocumentSection__c]","Food","","","","[Location__c]",""
"[DocumentSection__c]","Beverage","","","","[Location__c]",""
"[DocumentSection__c]","Setup","","","","[Location__c]",""
"[DocumentSection__c]","AudioVisual","","","","[Location__c]",""
"[DocumentSection__c]","Additional","","","","[Location__c]",""
"[DocumentSection__c]","Billing","","","","[Location__c]",""
"[DocumentSection__c]","Rental","","","","[Location__c]",""
"[DocumentSection__c]","Packages Total","","","","[Location__c]",""
"[DocumentSection__c]","Food","","","","[Location__c]",""
"[DocumentSection__c]","Beverage","","","","[Location__c]",""
"[DocumentSection__c]","Setup","","","","[Location__c]",""
"[DocumentSection__c]","AudioVisual","","","","[Location__c]",""
"[DocumentSection__c]","Additional","","","","[Location__c]",""
"[DocumentSection__c]","Billing","","","","[Location__c]",""
"[DocumentSection__c]","Rental","","","","[Location__c]",""
"[DocumentSection__c]","Packages Total","","","","[Location__c]",""
"[DocumentSection__c]","Food","","","","[Location__c]",""
"[DocumentSection__c]","Beverage","","","","[Location__c]",""
"[DocumentSection__c]","Setup","","","","[Location__c]",""
"[DocumentSection__c]","AudioVisual","","","","[Location__c]",""
"[DocumentSection__c]","Additional","","","","[Location__c]",""
"[DocumentSection__c]","Billing","","","","[Location__c]",""
"[DocumentSection__c]","Rental","","","","[Location__c]",""
"[DocumentSection__c]","Packages Total","","","","[Location__c]",""
"[DocumentSection__c]","Food","","","","[Location__c]",""
"[DocumentSection__c]","Beverage","","","","[Location__c]",""
"[DocumentSection__c]","Audio Visual","","","","[Location__c]",""
"[DocumentSection__c]","Setup & Additional Items","","","","[Location__c]",""
"[DocumentSection__c]","Rental","","","","[Location__c]",""
"[DocumentSection__c]","Food","","","","[Location__c]",""
"[DocumentSection__c]","Beverage","","","","[Location__c]",""
"[DocumentSection__c]","Audio Visual","","","","[Location__c]",""
"[DocumentSection__c]","Setup & Additional Items","","","","[Location__c]",""
"[DocumentSection__c]","Rental","","","","[Location__c]",""
"[DocumentSection__c]","Food","","","","[Location__c]",""
"[DocumentSection__c]","Beverage","","","","[Location__c]",""
"[DocumentSection__c]","Audio Visual","","","","[Location__c]",""
"[DocumentSection__c]","Setup & Additional Items","","","","[Location__c]",""
"[DocumentSection__c]","Rental","","","","[Location__c]",""
"[DocumentSection__c]","Guestroom","","","","[Location__c]",""
"[DocumentSection__c]","Event","","","","[Location__c]",""
"[DocumentSection__c]","Guestroom","","","","[Location__c]",""
"[DocumentSection__c]","Event","","","","[Location__c]",""
"[DocumentSection__c]","Food","","","","[Location__c]",""
"[DocumentSection__c]","Beverage","","","","[Location__c]",""
"[DocumentSection__c]","AudioVisual","","","","[Location__c]",""
"[DocumentSection__c]","Setup","","","","[Location__c]",""
"[DocumentSection__c]","Food","","","","[Location__c]",""
"[DocumentSection__c]","Beverage","","","","[Location__c]",""
"[DocumentSection__c]","AudioVisual","","","","[Location__c]",""
"[DocumentSection__c]","Setup","","","","[Location__c]",""
"[DocumentSection__c]","Rental","","","","[Location__c]",""
"[DocumentSection__c]","Packages Total","","","","[Location__c]",""
"[DocumentSection__c]","Food","","","","[Location__c]",""
"[DocumentSection__c]","Beverage","","","","[Location__c]",""
"[DocumentSection__c]","AudioVisual","","","","[Location__c]",""
"[DocumentSection__c]","Setup","","","","[Location__c]",""
"[DocumentSection__c]","Rental","","","","[Location__c]",""
"[DocumentSection__c]","Packages Total","","","","[Location__c]",""
"[DocumentSection__c]","Food","","","","[Location__c]",""
"[DocumentSection__c]","Beverage","","","","[Location__c]",""
"[DocumentSection__c]","AudioVisual","","","","[Location__c]",""
"[DocumentSection__c]","Setup","","","","[Location__c]",""
"[DocumentSection__c]","Rental","","","","[Location__c]",""
"[DocumentSection__c]","Packages Total","","","","[Location__c]",""
"[DocumentSection__c]","Food","","","","[Location__c]",""
"[DocumentSection__c]","Beverage","","","","[Location__c]",""
"[DocumentSection__c]","AudioVisual","","","","[Location__c]",""
"[DocumentSection__c]","Setup","","","","[Location__c]",""
"[DocumentSection__c]","Rental","","","","[Location__c]",""
"[DocumentSection__c]","Packages Total","","","","[Location__c]",""
"[DocumentSection__c]","Food","","","","[Location__c]",""
"[DocumentSection__c]","Beverage","","","","[Location__c]",""
"[DocumentSection__c]","AudioVisual","","","","[Location__c]",""
"[DocumentSection__c]","Setup","","","","[Location__c]",""
"[DocumentSection__c]","Rental","","","","[Location__c]",""
"[DocumentSection__c]","Packages Total","","","","[Location__c]",""
"[DocumentSection__c]","Food","","","","[Location__c]",""
"[DocumentSection__c]","Beverage","","","","[Location__c]",""
"[DocumentSection__c]","AudioVisual","","","","[Location__c]",""
"[DocumentSection__c]","Setup","","","","[Location__c]",""
"[DocumentSection__c]","Additional","","","","[Location__c]",""
"[DocumentSection__c]","Food","","","","[Location__c]",""
"[DocumentSection__c]","Beverage","","","","[Location__c]",""
"[DocumentSection__c]","AudioVisual","","","","[Location__c]",""
"[DocumentSection__c]","Setup","","","","[Location__c]",""
"[DocumentSection__c]","Additional","","","","[Location__c]",""
"[DocumentSection__c]","Rental","","","","[Location__c]",""
"[DocumentSection__c]","Packages Total","","","","[Location__c]",""
"[DocumentSection__c]","Food","","","","[Location__c]",""
"[DocumentSection__c]","Beverage","","","","[Location__c]",""
"[DocumentSection__c]","AudioVisual","","","","[Location__c]",""
"[DocumentSection__c]","Setup","","","","[Location__c]",""
"[DocumentSection__c]","Additional","","","","[Location__c]",""
"[DocumentSection__c]","Rental","","","","[Location__c]",""
"[DocumentSection__c]","Packages Total","","","","[Location__c]",""
"[DocumentSection__c]","Food","","","","[Location__c]",""
"[DocumentSection__c]","Beverage","","","","[Location__c]",""
"[DocumentSection__c]","AudioVisual","","","","[Location__c]",""
"[DocumentSection__c]","Setup","","","","[Location__c]",""
"[DocumentSection__c]","Additional","","","","[Location__c]",""
"[DocumentSection__c]","Rental","","","","[Location__c]",""
"[DocumentSection__c]","Packages Total","","","","[Location__c]",""
"[DocumentSection__c]","Food","","","","[Location__c]",""
"[DocumentSection__c]","Beverage","","","","[Location__c]",""
"[DocumentSection__c]","AudioVisual","","","","[Location__c]",""
"[DocumentSection__c]","Setup","","","","[Location__c]",""
"[DocumentSection__c]","Additional","","","","[Location__c]",""
"[DocumentSection__c]","Rental","","","","[Location__c]",""
"[DocumentSection__c]","Packages Total","","","","[Location__c]",""
"[DocumentSection__c]","Food","","","","[Location__c]",""
"[DocumentSection__c]","Beverage","","","","[Location__c]",""
"[DocumentSection__c]","AudioVisual","","","","[Location__c]",""
"[DocumentSection__c]","Setup","","","","[Location__c]",""
"[DocumentSection__c]","Additional","","","","[Location__c]",""
"[DocumentSection__c]","Rental","","","","[Location__c]",""
"[DocumentSection__c]","Packages Total","","","","[Location__c]",""
"[DocumentSection__c]","Food","","","","[Location__c]",""
"[DocumentSection__c]","Beverage","","","","[Location__c]",""
"[DocumentSection__c]","Setup","","","","[Location__c]",""
"[DocumentSection__c]","AudioVisual","","","","[Location__c]",""
"[DocumentSection__c]","Additional","","","","[Location__c]",""
"[DocumentSection__c]","Billing","","","","[Location__c]",""
"[DocumentSection__c]","Food","","","","[Location__c]",""
"[DocumentSection__c]","Beverage","","","","[Location__c]",""
"[DocumentSection__c]","Setup","","","","[Location__c]",""
"[DocumentSection__c]","AudioVisual","","","","[Location__c]",""
"[DocumentSection__c]","Additional","","","","[Location__c]",""
"[DocumentSection__c]","Billing","","","","[Location__c]",""
"[DocumentSection__c]","Rental","","","","[Location__c]",""
"[DocumentSection__c]","Packages Total","","","","[Location__c]",""
"[DocumentSection__c]","Food","","","","[Location__c]",""
"[DocumentSection__c]","Beverage","","","","[Location__c]",""
"[DocumentSection__c]","Setup","","","","[Location__c]",""
"[DocumentSection__c]","AudioVisual","","","","[Location__c]",""
"[DocumentSection__c]","Additional","","","","[Location__c]",""
"[DocumentSection__c]","Billing","","","","[Location__c]",""
"[DocumentSection__c]","Rental","","","","[Location__c]",""
"[DocumentSection__c]","Packages Total","","","","[Location__c]",""
"[DocumentSection__c]","Food","","","","[Location__c]",""
"[DocumentSection__c]","Beverage","","","","[Location__c]",""
"[DocumentSection__c]","Setup","","","","[Location__c]",""
"[DocumentSection__c]","AudioVisual","","","","[Location__c]",""
"[DocumentSection__c]","Additional","","","","[Location__c]",""
"[DocumentSection__c]","Billing","","","","[Location__c]",""
"[DocumentSection__c]","Rental","","","","[Location__c]",""
"[DocumentSection__c]","Packages Total","","","","[Location__c]",""
"[DocumentSection__c]","Food","","","","[Location__c]",""
"[DocumentSection__c]","Beverage","","","","[Location__c]",""
"[DocumentSection__c]","Setup","","","","[Location__c]",""
"[DocumentSection__c]","AudioVisual","","","","[Location__c]",""
"[DocumentSection__c]","Additional","","","","[Location__c]",""
"[DocumentSection__c]","Billing","","","","[Location__c]",""
"[DocumentSection__c]","Rental","","","","[Location__c]",""
"[DocumentSection__c]","Packages Total","","","","[Location__c]",""
"[DocumentSection__c]","Food","","","","[Location__c]",""
"[DocumentSection__c]","Beverage","","","","[Location__c]",""
"[DocumentSection__c]","Setup","","","","[Location__c]",""
"[DocumentSection__c]","AudioVisual","","","","[Location__c]",""
"[DocumentSection__c]","Additional","","","","[Location__c]",""
"[DocumentSection__c]","Billing","","","","[Location__c]",""
"[DocumentSection__c]","Rental","","","","[Location__c]",""
"[DocumentSection__c]","Packages Total","","","","[Location__c]",""
"[DocumentSection__c]","Food","","","","[Location__c]",""
"[DocumentSection__c]","Beverage","","","","[Location__c]",""
"[DocumentSection__c]","Audio Visual","","","","[Location__c]",""
"[DocumentSection__c]","Setup & Additional Items","","","","[Location__c]",""
"[DocumentSection__c]","Rental","","","","[Location__c]",""
"[DocumentSection__c]","Food","","","","[Location__c]",""
"[DocumentSection__c]","Beverage","","","","[Location__c]",""
"[DocumentSection__c]","Audio Visual","","","","[Location__c]",""
"[DocumentSection__c]","Setup & Additional Items","","","","[Location__c]",""
"[DocumentSection__c]","Rental","","","","[Location__c]",""
"[DocumentSection__c]","Food","","","","[Location__c]",""
"[DocumentSection__c]","Beverage","","","","[Location__c]",""
"[DocumentSection__c]","Audio Visual","","","","[Location__c]",""
"[DocumentSection__c]","Setup & Additional Items","","","","[Location__c]",""
"[DocumentSection__c]","Rental","","","","[Location__c]",""
"[DocumentSection__c]","Guestroom","","","","[Location__c]",""
"[DocumentSection__c]","Event","","","","[Location__c]",""
"[DocumentSection__c]","Guestroom","","","","[Location__c]",""
"[DocumentSection__c]","Event","","","","[Location__c]",""
"[DocumentSection__c]","Food","","","","[Location__c]",""
"[DocumentSection__c]","Beverage","","","","[Location__c]",""
"[DocumentSection__c]","AudioVisual","","","","[Location__c]",""
"[DocumentSection__c]","Setup","","","","[Location__c]",""
"[DocumentSection__c]","Food","","","","[Location__c]",""
"[DocumentSection__c]","Beverage","","","","[Location__c]",""
"[DocumentSection__c]","AudioVisual","","","","[Location__c]",""
"[DocumentSection__c]","Setup","","","","[Location__c]",""
"[DocumentSection__c]","Rental","","","","[Location__c]",""
"[DocumentSection__c]","Packages Total","","","","[Location__c]",""
"[DocumentSection__c]","Food","","","","[Location__c]",""
"[DocumentSection__c]","Beverage","","","","[Location__c]",""
"[DocumentSection__c]","AudioVisual","","","","[Location__c]",""
"[DocumentSection__c]","Setup","","","","[Location__c]",""
"[DocumentSection__c]","Rental","","","","[Location__c]",""
"[DocumentSection__c]","Packages Total","","","","[Location__c]",""
"[DocumentSection__c]","Food","","","","[Location__c]",""
"[DocumentSection__c]","Beverage","","","","[Location__c]",""
"[DocumentSection__c]","AudioVisual","","","","[Location__c]",""
"[DocumentSection__c]","Setup","","","","[Location__c]",""
"[DocumentSection__c]","Rental","","","","[Location__c]",""
"[DocumentSection__c]","Packages Total","","","","[Location__c]",""
"[DocumentSection__c]","Food","","","","[Location__c]",""
"[DocumentSection__c]","Beverage","","","","[Location__c]",""
"[DocumentSection__c]","AudioVisual","","","","[Location__c]",""
"[DocumentSection__c]","Setup","","","","[Location__c]",""
"[DocumentSection__c]","Rental","","","","[Location__c]",""
"[DocumentSection__c]","Packages Total","","","","[Location__c]",""
"[DocumentSection__c]","Food","","","","[Location__c]",""
"[DocumentSection__c]","Beverage","","","","[Location__c]",""
"[DocumentSection__c]","AudioVisual","","","","[Location__c]",""
"[DocumentSection__c]","Setup","","","","[Location__c]",""
"[DocumentSection__c]","Rental","","","","[Location__c]",""
"[DocumentSection__c]","Packages Total","","","","[Location__c]",""
"[DocumentSection__c]","Food","","","","[Location__c]",""
"[DocumentSection__c]","Beverage","","","","[Location__c]",""
"[DocumentSection__c]","AudioVisual","","","","[Location__c]",""
"[DocumentSection__c]","Setup","","","","[Location__c]",""
"[DocumentSection__c]","Additional","","","","[Location__c]",""
"[DocumentSection__c]","Food","","","","[Location__c]",""
"[DocumentSection__c]","Beverage","","","","[Location__c]",""
"[DocumentSection__c]","AudioVisual","","","","[Location__c]",""
"[DocumentSection__c]","Setup","","","","[Location__c]",""
"[DocumentSection__c]","Additional","","","","[Location__c]",""
"[DocumentSection__c]","Rental","","","","[Location__c]",""
"[DocumentSection__c]","Packages Total","","","","[Location__c]",""
"[DocumentSection__c]","Food","","","","[Location__c]",""
"[DocumentSection__c]","Beverage","","","","[Location__c]",""
"[DocumentSection__c]","AudioVisual","","","","[Location__c]",""
"[DocumentSection__c]","Setup","","","","[Location__c]",""
"[DocumentSection__c]","Additional","","","","[Location__c]",""
"[DocumentSection__c]","Rental","","","","[Location__c]",""
"[DocumentSection__c]","Packages Total","","","","[Location__c]",""
"[DocumentSection__c]","Food","","","","[Location__c]",""
"[DocumentSection__c]","Beverage","","","","[Location__c]",""
"[DocumentSection__c]","AudioVisual","","","","[Location__c]",""
"[DocumentSection__c]","Setup","","","","[Location__c]",""
"[DocumentSection__c]","Additional","","","","[Location__c]",""
"[DocumentSection__c]","Rental","","","","[Location__c]",""
"[DocumentSection__c]","Packages Total","","","","[Location__c]",""
"[DocumentSection__c]","Food","","","","[Location__c]",""
"[DocumentSection__c]","Beverage","","","","[Location__c]",""
"[DocumentSection__c]","AudioVisual","","","","[Location__c]",""
"[DocumentSection__c]","Setup","","","","[Location__c]",""
"[DocumentSection__c]","Additional","","","","[Location__c]",""
"[DocumentSection__c]","Rental","","","","[Location__c]",""
"[DocumentSection__c]","Packages Total","","","","[Location__c]",""
"[DocumentSection__c]","Food","","","","[Location__c]",""
"[DocumentSection__c]","Beverage","","","","[Location__c]",""
"[DocumentSection__c]","AudioVisual","","","","[Location__c]",""
"[DocumentSection__c]","Setup","","","","[Location__c]",""
"[DocumentSection__c]","Additional","","","","[Location__c]",""
"[DocumentSection__c]","Rental","","","","[Location__c]",""
"[DocumentSection__c]","Packages Total","","","","[Location__c]",""
"[DocumentSection__c]","Food","","","","[Location__c]",""
"[DocumentSection__c]","Beverage","","","","[Location__c]",""
"[DocumentSection__c]","Setup","","","","[Location__c]",""
"[DocumentSection__c]","AudioVisual","","","","[Location__c]",""
"[DocumentSection__c]","Additional","","","","[Location__c]",""
"[DocumentSection__c]","Billing","","","","[Location__c]",""
"[DocumentSection__c]","Food","","","","[Location__c]",""
"[DocumentSection__c]","Beverage","","","","[Location__c]",""
"[DocumentSection__c]","Setup","","","","[Location__c]",""
"[DocumentSection__c]","AudioVisual","","","","[Location__c]",""
"[DocumentSection__c]","Additional","","","","[Location__c]",""
"[DocumentSection__c]","Billing","","","","[Location__c]",""
"[DocumentSection__c]","Rental","","","","[Location__c]",""
"[DocumentSection__c]","Packages Total","","","","[Location__c]",""
"[DocumentSection__c]","Food","","","","[Location__c]",""
"[DocumentSection__c]","Beverage","","","","[Location__c]",""
"[DocumentSection__c]","Setup","","","","[Location__c]",""
"[DocumentSection__c]","AudioVisual","","","","[Location__c]",""
"[DocumentSection__c]","Additional","","","","[Location__c]",""
"[DocumentSection__c]","Billing","","","","[Location__c]",""
"[DocumentSection__c]","Rental","","","","[Location__c]",""
"[DocumentSection__c]","Packages Total","","","","[Location__c]",""
"[DocumentSection__c]","Food","","","","[Location__c]",""
"[DocumentSection__c]","Beverage","","","","[Location__c]",""
"[DocumentSection__c]","Setup","","","","[Location__c]",""
"[DocumentSection__c]","AudioVisual","","","","[Location__c]",""
"[DocumentSection__c]","Additional","","","","[Location__c]",""
"[DocumentSection__c]","Billing","","","","[Location__c]",""
"[DocumentSection__c]","Rental","","","","[Location__c]",""
"[DocumentSection__c]","Packages Total","","","","[Location__c]",""
"[DocumentSection__c]","Food","","","","[Location__c]",""
"[DocumentSection__c]","Beverage","","","","[Location__c]",""
"[DocumentSection__c]","Setup","","","","[Location__c]",""
"[DocumentSection__c]","AudioVisual","","","","[Location__c]",""
"[DocumentSection__c]","Additional","","","","[Location__c]",""
"[DocumentSection__c]","Billing","","","","[Location__c]",""
"[DocumentSection__c]","Rental","","","","[Location__c]",""
"[DocumentSection__c]","Packages Total","","","","[Location__c]",""
"[DocumentSection__c]","Food","","","","[Location__c]",""
"[DocumentSection__c]","Beverage","","","","[Location__c]",""
"[DocumentSection__c]","Setup","","","","[Location__c]",""
"[DocumentSection__c]","AudioVisual","","","","[Location__c]",""
"[DocumentSection__c]","Additional","","","","[Location__c]",""
"[DocumentSection__c]","Billing","","","","[Location__c]",""
"[DocumentSection__c]","Rental","","","","[Location__c]",""
"[DocumentSection__c]","Packages Total","","","","[Location__c]",""
"[DocumentSection__c]","Food","","","","[Location__c]",""
"[DocumentSection__c]","Beverage","","","","[Location__c]",""
"[DocumentSection__c]","Audio Visual","","","","[Location__c]",""
"[DocumentSection__c]","Setup & Additional Items","","","","[Location__c]",""
"[DocumentSection__c]","Rental","","","","[Location__c]",""
"[DocumentSection__c]","Food","","","","[Location__c]",""
"[DocumentSection__c]","Beverage","","","","[Location__c]",""
"[DocumentSection__c]","Audio Visual","","","","[Location__c]",""
"[DocumentSection__c]","Setup & Additional Items","","","","[Location__c]",""
"[DocumentSection__c]","Rental","","","","[Location__c]",""
"[DocumentSection__c]","Food","","","","[Location__c]",""
"[DocumentSection__c]","Beverage","","","","[Location__c]",""
"[DocumentSection__c]","Audio Visual","","","","[Location__c]",""
"[DocumentSection__c]","Setup & Additional Items","","","","[Location__c]",""
"[DocumentSection__c]","Rental","","","","[Location__c]",""
"[DocumentSection__c]","Guestroom","","","","[Location__c]",""
"[DocumentSection__c]","Event","","","","[Location__c]",""
"[DocumentSection__c]","Guestroom","","","","[Location__c]",""
"[DocumentSection__c]","Event","","","","[Location__c]",""
"[DocumentSection__c]","Food","","","","[Location__c]",""
"[DocumentSection__c]","Beverage","","","","[Location__c]",""
"[DocumentSection__c]","AudioVisual","","","","[Location__c]",""
"[DocumentSection__c]","Setup","","","","[Location__c]",""
"[DocumentSection__c]","Food","","","","[Location__c]",""
"[DocumentSection__c]","Beverage","","","","[Location__c]",""
"[DocumentSection__c]","AudioVisual","","","","[Location__c]",""
"[DocumentSection__c]","Setup","","","","[Location__c]",""
"[DocumentSection__c]","Rental","","","","[Location__c]",""
"[DocumentSection__c]","Packages Total","","","","[Location__c]",""
"[DocumentSection__c]","Food","","","","[Location__c]",""
"[DocumentSection__c]","Beverage","","","","[Location__c]",""
"[DocumentSection__c]","AudioVisual","","","","[Location__c]",""
"[DocumentSection__c]","Setup","","","","[Location__c]",""
"[DocumentSection__c]","Rental","","","","[Location__c]",""
"[DocumentSection__c]","Packages Total","","","","[Location__c]",""
"[DocumentSection__c]","Food","","","","[Location__c]",""
"[DocumentSection__c]","Beverage","","","","[Location__c]",""
"[DocumentSection__c]","AudioVisual","","","","[Location__c]",""
"[DocumentSection__c]","Setup","","","","[Location__c]",""
"[DocumentSection__c]","Rental","","","","[Location__c]",""
"[DocumentSection__c]","Packages Total","","","","[Location__c]",""
"[DocumentSection__c]","Food","","","","[Location__c]",""
"[DocumentSection__c]","Beverage","","","","[Location__c]",""
"[DocumentSection__c]","AudioVisual","","","","[Location__c]",""
"[DocumentSection__c]","Setup","","","","[Location__c]",""
"[DocumentSection__c]","Rental","","","","[Location__c]",""
"[DocumentSection__c]","Packages Total","","","","[Location__c]",""
"[DocumentSection__c]","Food","","","","[Location__c]",""
"[DocumentSection__c]","Beverage","","","","[Location__c]",""
"[DocumentSection__c]","AudioVisual","","","","[Location__c]",""
"[DocumentSection__c]","Setup","","","","[Location__c]",""
"[DocumentSection__c]","Rental","","","","[Location__c]",""
"[DocumentSection__c]","Packages Total","","","","[Location__c]",""
"[DocumentSection__c]","Food","","","","[Location__c]",""
"[DocumentSection__c]","Beverage","","","","[Location__c]",""
"[DocumentSection__c]","AudioVisual","","","","[Location__c]",""
"[DocumentSection__c]","Setup","","","","[Location__c]",""
"[DocumentSection__c]","Additional","","","","[Location__c]",""
"[DocumentSection__c]","Food","","","","[Location__c]",""
"[DocumentSection__c]","Beverage","","","","[Location__c]",""
"[DocumentSection__c]","AudioVisual","","","","[Location__c]",""
"[DocumentSection__c]","Setup","","","","[Location__c]",""
"[DocumentSection__c]","Additional","","","","[Location__c]",""
"[DocumentSection__c]","Rental","","","","[Location__c]",""
"[DocumentSection__c]","Packages Total","","","","[Location__c]",""
"[DocumentSection__c]","Food","","","","[Location__c]",""
"[DocumentSection__c]","Beverage","","","","[Location__c]",""
"[DocumentSection__c]","AudioVisual","","","","[Location__c]",""
"[DocumentSection__c]","Setup","","","","[Location__c]",""
"[DocumentSection__c]","Additional","","","","[Location__c]",""
"[DocumentSection__c]","Rental","","","","[Location__c]",""
"[DocumentSection__c]","Packages Total","","","","[Location__c]",""
"[DocumentSection__c]","Food","","","","[Location__c]",""
"[DocumentSection__c]","Beverage","","","","[Location__c]",""
"[DocumentSection__c]","AudioVisual","","","","[Location__c]",""
"[DocumentSection__c]","Setup","","","","[Location__c]",""
"[DocumentSection__c]","Additional","","","","[Location__c]",""
"[DocumentSection__c]","Rental","","","","[Location__c]",""
"[DocumentSection__c]","Packages Total","","","","[Location__c]",""
"[DocumentSection__c]","Food","","","","[Location__c]",""
"[DocumentSection__c]","Beverage","","","","[Location__c]",""
"[DocumentSection__c]","AudioVisual","","","","[Location__c]",""
"[DocumentSection__c]","Setup","","","","[Location__c]",""
"[DocumentSection__c]","Additional","","","","[Location__c]",""
"[DocumentSection__c]","Rental","","","","[Location__c]",""
"[DocumentSection__c]","Packages Total","","","","[Location__c]",""
"[DocumentSection__c]","Food","","","","[Location__c]",""
"[DocumentSection__c]","Beverage","","","","[Location__c]",""
"[DocumentSection__c]","AudioVisual","","","","[Location__c]",""
"[DocumentSection__c]","Setup","","","","[Location__c]",""
"[DocumentSection__c]","Additional","","","","[Location__c]",""
"[DocumentSection__c]","Rental","","","","[Location__c]",""
"[DocumentSection__c]","Packages Total","","","","[Location__c]",""
"[DocumentSection__c]","Food","","","","[Location__c]",""
"[DocumentSection__c]","Beverage","","","","[Location__c]",""
"[DocumentSection__c]","Setup","","","","[Location__c]",""
"[DocumentSection__c]","AudioVisual","","","","[Location__c]",""
"[DocumentSection__c]","Additional","","","","[Location__c]",""
"[DocumentSection__c]","Billing","","","","[Location__c]",""
"[DocumentSection__c]","Food","","","","[Location__c]",""
"[DocumentSection__c]","Beverage","","","","[Location__c]",""
"[DocumentSection__c]","Setup","","","","[Location__c]",""
"[DocumentSection__c]","AudioVisual","","","","[Location__c]",""
"[DocumentSection__c]","Additional","","","","[Location__c]",""
"[DocumentSection__c]","Billing","","","","[Location__c]",""
"[DocumentSection__c]","Rental","","","","[Location__c]",""
"[DocumentSection__c]","Packages Total","","","","[Location__c]",""
"[DocumentSection__c]","Food","","","","[Location__c]",""
"[DocumentSection__c]","Beverage","","","","[Location__c]",""
"[DocumentSection__c]","Setup","","","","[Location__c]",""
"[DocumentSection__c]","AudioVisual","","","","[Location__c]",""
"[DocumentSection__c]","Additional","","","","[Location__c]",""
"[DocumentSection__c]","Billing","","","","[Location__c]",""
"[DocumentSection__c]","Rental","","","","[Location__c]",""
"[DocumentSection__c]","Guestroom","","","","[Location__c]",""
"[DocumentSection__c]","Event","","","","[Location__c]",""
"[DocumentSection__c]","Guestroom","","","","[Location__c]",""
"[DocumentSection__c]","Event","","","","[Location__c]",""
"[DocumentSection__c]","Food","","","","[Location__c]",""
"[DocumentSection__c]","Beverage","","","","[Location__c]",""
"[DocumentSection__c]","AudioVisual","","","","[Location__c]",""
"[DocumentSection__c]","Setup","","","","[Location__c]",""
"[DocumentSection__c]","Food","","","","[Location__c]",""
"[DocumentSection__c]","Beverage","","","","[Location__c]",""
"[DocumentSection__c]","AudioVisual","","","","[Location__c]",""
"[DocumentSection__c]","Setup","","","","[Location__c]",""
"[DocumentSection__c]","Rental","","","","[Location__c]",""
"[DocumentSection__c]","Packages Total","","","","[Location__c]",""
"[DocumentSection__c]","Food","","","","[Location__c]",""
"[DocumentSection__c]","Beverage","","","","[Location__c]",""
"[DocumentSection__c]","AudioVisual","","","","[Location__c]",""
"[DocumentSection__c]","Setup","","","","[Location__c]",""
"[DocumentSection__c]","Rental","","","","[Location__c]",""
"[DocumentSection__c]","Packages Total","","","","[Location__c]",""
"[DocumentSection__c]","Food","","","","[Location__c]",""
"[DocumentSection__c]","Beverage","","","","[Location__c]",""
"[DocumentSection__c]","AudioVisual","","","","[Location__c]",""
"[DocumentSection__c]","Setup","","","","[Location__c]",""
"[DocumentSection__c]","Rental","","","","[Location__c]",""
"[DocumentSection__c]","Packages Total","","","","[Location__c]",""
"[DocumentSection__c]","Food","","","","[Location__c]",""
"[DocumentSection__c]","Beverage","","","","[Location__c]",""
"[DocumentSection__c]","AudioVisual","","","","[Location__c]",""
"[DocumentSection__c]","Setup","","","","[Location__c]",""
"[DocumentSection__c]","Rental","","","","[Location__c]",""
"[DocumentSection__c]","Packages Total","","","","[Location__c]",""
"[DocumentSection__c]","Food","","","","[Location__c]",""
"[DocumentSection__c]","Beverage","","","","[Location__c]",""
"[DocumentSection__c]","AudioVisual","","","","[Location__c]",""
"[DocumentSection__c]","Setup","","","","[Location__c]",""
"[DocumentSection__c]","Rental","","","","[Location__c]",""
"[DocumentSection__c]","Packages Total","","","","[Location__c]",""
"[DocumentSection__c]","Food","","","","[Location__c]",""
"[DocumentSection__c]","Beverage","","","","[Location__c]",""
"[DocumentSection__c]","AudioVisual","","","","[Location__c]",""
"[DocumentSection__c]","Setup","","","","[Location__c]",""
"[DocumentSection__c]","Additional","","","","[Location__c]",""
"[DocumentSection__c]","Food","","","","[Location__c]",""
"[DocumentSection__c]","Beverage","","","","[Location__c]",""
"[DocumentSection__c]","AudioVisual","","","","[Location__c]",""
"[DocumentSection__c]","Setup","","","","[Location__c]",""
"[DocumentSection__c]","Additional","","","","[Location__c]",""
"[DocumentSection__c]","Rental","","","","[Location__c]",""
"[DocumentSection__c]","Packages Total","","","","[Location__c]",""
"[DocumentSection__c]","Food","","","","[Location__c]",""
"[DocumentSection__c]","Beverage","","","","[Location__c]",""
"[DocumentSection__c]","AudioVisual","","","","[Location__c]",""
"[DocumentSection__c]","Setup","","","","[Location__c]",""
"[DocumentSection__c]","Additional","","","","[Location__c]",""
"[DocumentSection__c]","Rental","","","","[Location__c]",""
"[DocumentSection__c]","Packages Total","","","","[Location__c]",""
"[DocumentSection__c]","Food","","","","[Location__c]",""
"[DocumentSection__c]","Beverage","","","","[Location__c]",""
"[DocumentSection__c]","AudioVisual","","","","[Location__c]",""
"[DocumentSection__c]","Setup","","","","[Location__c]",""
"[DocumentSection__c]","Additional","","","","[Location__c]",""
"[DocumentSection__c]","Rental","","","","[Location__c]",""
"[DocumentSection__c]","Packages Total","","","","[Location__c]",""
"[DocumentSection__c]","Food","","","","[Location__c]",""
"[DocumentSection__c]","Beverage","","","","[Location__c]",""
"[DocumentSection__c]","AudioVisual","","","","[Location__c]",""
"[DocumentSection__c]","Setup","","","","[Location__c]",""
"[DocumentSection__c]","Additional","","","","[Location__c]",""
"[DocumentSection__c]","Rental","","","","[Location__c]",""
"[DocumentSection__c]","Packages Total","","","","[Location__c]",""
"[DocumentSection__c]","Food","","","","[Location__c]",""
"[DocumentSection__c]","Beverage","","","","[Location__c]",""
"[DocumentSection__c]","AudioVisual","","","","[Location__c]",""
"[DocumentSection__c]","Setup","","","","[Location__c]",""
"[DocumentSection__c]","Additional","","","","[Location__c]",""
"[DocumentSection__c]","Rental","","","","[Location__c]",""
"[DocumentSection__c]","Packages Total","","","","[Location__c]",""
"[DocumentSection__c]","Food","","","","[Location__c]",""
"[DocumentSection__c]","Beverage","","","","[Location__c]",""
"[DocumentSection__c]","Setup","","","","[Location__c]",""
"[DocumentSection__c]","AudioVisual","","","","[Location__c]",""
"[DocumentSection__c]","Additional","","","","[Location__c]",""
"[DocumentSection__c]","Billing","","","","[Location__c]",""
"[DocumentSection__c]","Food","","","","[Location__c]",""
"[DocumentSection__c]","Beverage","","","","[Location__c]",""
"[DocumentSection__c]","Setup","","","","[Location__c]",""
"[DocumentSection__c]","AudioVisual","","","","[Location__c]",""
"[DocumentSection__c]","Additional","","","","[Location__c]",""
"[DocumentSection__c]","Billing","","","","[Location__c]",""
"[DocumentSection__c]","Rental","","","","[Location__c]",""
"[DocumentSection__c]","Packages Total","","","","[Location__c]",""
"[DocumentSection__c]","Food","","","","[Location__c]",""
"[DocumentSection__c]","Beverage","","","","[Location__c]",""
"[DocumentSection__c]","Setup","","","","[Location__c]",""
"[DocumentSection__c]","AudioVisual","","","","[Location__c]",""
"[DocumentSection__c]","Additional","","","","[Location__c]",""
"[DocumentSection__c]","Billing","","","","[Location__c]",""
"[DocumentSection__c]","Packages Total","","","","[Location__c]",""
"[DocumentSection__c]","Food","","","","[Location__c]",""
"[DocumentSection__c]","Beverage","","","","[Location__c]",""
"[DocumentSection__c]","Setup","","","","[Location__c]",""
"[DocumentSection__c]","AudioVisual","","","","[Location__c]",""
"[DocumentSection__c]","Additional","","","","[Location__c]",""
"[DocumentSection__c]","Billing","","","","[Location__c]",""
"[DocumentSection__c]","Rental","","","","[Location__c]",""
"[DocumentSection__c]","Packages Total","","","","[Location__c]",""
"[DocumentSection__c]","Food","","","","[Location__c]",""
"[DocumentSection__c]","Beverage","","","","[Location__c]",""
"[DocumentSection__c]","Setup","","","","[Location__c]",""
"[DocumentSection__c]","AudioVisual","","","","[Location__c]",""
"[DocumentSection__c]","Additional","","","","[Location__c]",""
"[DocumentSection__c]","Billing","","","","[Location__c]",""
"[DocumentSection__c]","Rental","","","","[Location__c]",""
"[DocumentSection__c]","Packages Total","","","","[Location__c]",""
"[DocumentSection__c]","Food","","","","[Location__c]",""
"[DocumentSection__c]","Beverage","","","","[Location__c]",""
"[DocumentSection__c]","Setup","","","","[Location__c]",""
"[DocumentSection__c]","AudioVisual","","","","[Location__c]",""
"[DocumentSection__c]","Additional","","","","[Location__c]",""
"[DocumentSection__c]","Billing","","","","[Location__c]",""
"[DocumentSection__c]","Rental","","","","[Location__c]",""
"[DocumentSection__c]","Packages Total","","","","[Location__c]",""
"[DocumentSection__c]","Food","","","","[Location__c]",""
"[DocumentSection__c]","Beverage","","","","[Location__c]",""
"[DocumentSection__c]","Audio Visual","","","","[Location__c]",""
"[DocumentSection__c]","Setup & Additional Items","","","","[Location__c]",""
"[DocumentSection__c]","Rental","","","","[Location__c]",""
"[DocumentSection__c]","Food","","","","[Location__c]",""
"[DocumentSection__c]","Beverage","","","","[Location__c]",""
"[DocumentSection__c]","Audio Visual","","","","[Location__c]",""
"[DocumentSection__c]","Setup & Additional Items","","","","[Location__c]",""
"[DocumentSection__c]","Rental","","","","[Location__c]",""
"[DocumentSection__c]","Food","","","","[Location__c]",""
"[DocumentSection__c]","Beverage","","","","[Location__c]",""
"[DocumentSection__c]","Audio Visual","","","","[Location__c]",""
"[DocumentSection__c]","Setup & Additional Items","","","","[Location__c]",""
"[DocumentSection__c]","Rental","","","","[Location__c]",""
"[DocumentSection__c]","Rental","","","","[Location__c]",""
"[DocumentSection__c]","Packages Total","","","","[Location__c]",""
"[DocumentSection__c]","Food","","","","[Location__c]",""
"[DocumentSection__c]","Beverage","","","","[Location__c]",""
"[DocumentSection__c]","Setup","","","","[Location__c]",""
"[DocumentSection__c]","AudioVisual","","","","[Location__c]",""
"[DocumentSection__c]","Additional","","","","[Location__c]",""
"[DocumentSection__c]","Billing","","","","[Location__c]",""
"[DocumentSection__c]","Rental","","","","[Location__c]",""
"[DocumentSection__c]","Packages Total","","","","[Location__c]",""
"[DocumentSection__c]","Food","","","","[Location__c]",""
"[DocumentSection__c]","Beverage","","","","[Location__c]",""
"[DocumentSection__c]","Setup","","","","[Location__c]",""
"[DocumentSection__c]","AudioVisual","","","","[Location__c]",""
"[DocumentSection__c]","Additional","","","","[Location__c]",""
"[DocumentSection__c]","Billing","","","","[Location__c]",""
"[DocumentSection__c]","Rental","","","","[Location__c]",""
"[DocumentSection__c]","Packages Total","","","","[Location__c]",""
"[DocumentSection__c]","Food","","","","[Location__c]",""
"[DocumentSection__c]","Beverage","","","","[Location__c]",""
"[DocumentSection__c]","Setup","","","","[Location__c]",""
"[DocumentSection__c]","AudioVisual","","","","[Location__c]",""
"[DocumentSection__c]","Additional","","","","[Location__c]",""
"[DocumentSection__c]","Billing","","","","[Location__c]",""
"[DocumentSection__c]","Rental","","","","[Location__c]",""
"[DocumentSection__c]","Packages Total","","","","[Location__c]",""
"[DocumentSection__c]","Food","","","","[Location__c]",""
"[DocumentSection__c]","Beverage","","","","[Location__c]",""
"[DocumentSection__c]","Audio Visual","","","","[Location__c]",""
"[DocumentSection__c]","Setup & Additional Items","","","","[Location__c]",""
"[DocumentSection__c]","Rental","","","","[Location__c]",""
"[DocumentSection__c]","Food","","","","[Location__c]",""
"[DocumentSection__c]","Beverage","","","","[Location__c]",""
"[DocumentSection__c]","Audio Visual","","","","[Location__c]",""
"[DocumentSection__c]","Setup & Additional Items","","","","[Location__c]",""
"[DocumentSection__c]","Rental","","","","[Location__c]",""
"[DocumentSection__c]","Food","","","","[Location__c]",""
"[DocumentSection__c]","Beverage","","","","[Location__c]",""
"[DocumentSection__c]","Audio Visual","","","","[Location__c]",""
"[DocumentSection__c]","Setup & Additional Items","","","","[Location__c]",""
"[DocumentSection__c]","Rental","","","","[Location__c]",""
"[DocumentSection__c]","Guestroom","","","","[Location__c]",""
"[DocumentSection__c]","Event","","","","[Location__c]",""
"[DocumentSection__c]","Guestroom","","","","[Location__c]",""
"[DocumentSection__c]","Event","","","","[Location__c]",""
"[DocumentSection__c]","Food","","","","[Location__c]",""
"[DocumentSection__c]","Beverage","","","","[Location__c]",""
"[DocumentSection__c]","AudioVisual","","","","[Location__c]",""
"[DocumentSection__c]","Setup","","","","[Location__c]",""
"[DocumentSection__c]","Food","","","","[Location__c]",""
"[DocumentSection__c]","Beverage","","","","[Location__c]",""
"[DocumentSection__c]","AudioVisual","","","","[Location__c]",""
"[DocumentSection__c]","Setup","","","","[Location__c]",""
"[DocumentSection__c]","Rental","","","","[Location__c]",""
"[DocumentSection__c]","Packages Total","","","","[Location__c]",""
"[DocumentSection__c]","Food","","","","[Location__c]",""
"[DocumentSection__c]","Beverage","","","","[Location__c]",""
"[DocumentSection__c]","AudioVisual","","","","[Location__c]",""
"[DocumentSection__c]","Setup","","","","[Location__c]",""
"[DocumentSection__c]","Rental","","","","[Location__c]",""
"[DocumentSection__c]","Packages Total","","","","[Location__c]",""
"[DocumentSection__c]","Food","","","","[Location__c]",""
"[DocumentSection__c]","Beverage","","","","[Location__c]",""
"[DocumentSection__c]","AudioVisual","","","","[Location__c]",""
"[DocumentSection__c]","Setup","","","","[Location__c]",""
"[DocumentSection__c]","Rental","","","","[Location__c]",""
"[DocumentSection__c]","Packages Total","","","","[Location__c]",""
"[DocumentSection__c]","Food","","","","[Location__c]",""
"[DocumentSection__c]","Beverage","","","","[Location__c]",""
"[DocumentSection__c]","AudioVisual","","","","[Location__c]",""
"[DocumentSection__c]","Setup","","","","[Location__c]",""
"[DocumentSection__c]","Rental","","","","[Location__c]",""
"[DocumentSection__c]","Packages Total","","","","[Location__c]",""
"[DocumentSection__c]","Food","","","","[Location__c]",""
"[DocumentSection__c]","Beverage","","","","[Location__c]",""
"[DocumentSection__c]","AudioVisual","","","","[Location__c]",""
"[DocumentSection__c]","Setup","","","","[Location__c]",""
"[DocumentSection__c]","Rental","","","","[Location__c]",""
"[DocumentSection__c]","Packages Total","","","","[Location__c]",""
"[DocumentSection__c]","Food","","","","[Location__c]",""
"[DocumentSection__c]","Beverage","","","","[Location__c]",""
"[DocumentSection__c]","AudioVisual","","","","[Location__c]",""
"[DocumentSection__c]","Setup","","","","[Location__c]",""
"[DocumentSection__c]","Additional","","","","[Location__c]",""
"[DocumentSection__c]","Food","","","","[Location__c]",""
"[DocumentSection__c]","Beverage","","","","[Location__c]",""
"[DocumentSection__c]","AudioVisual","","","","[Location__c]",""
"[DocumentSection__c]","Setup","","","","[Location__c]",""
"[DocumentSection__c]","Additional","","","","[Location__c]",""
"[DocumentSection__c]","Rental","","","","[Location__c]",""
"[DocumentSection__c]","Packages Total","","","","[Location__c]",""
"[DocumentSection__c]","Food","","","","[Location__c]",""
"[DocumentSection__c]","Beverage","","","","[Location__c]",""
"[DocumentSection__c]","AudioVisual","","","","[Location__c]",""
"[DocumentSection__c]","Setup","","","","[Location__c]",""
"[DocumentSection__c]","Additional","","","","[Location__c]",""
"[DocumentSection__c]","Rental","","","","[Location__c]",""
"[DocumentSection__c]","Packages Total","","","","[Location__c]",""
"[DocumentSection__c]","Food","","","","[Location__c]",""
"[DocumentSection__c]","Beverage","","","","[Location__c]",""
"[DocumentSection__c]","AudioVisual","","","","[Location__c]",""
"[DocumentSection__c]","Setup","","","","[Location__c]",""
"[DocumentSection__c]","Additional","","","","[Location__c]",""
"[DocumentSection__c]","Rental","","","","[Location__c]",""
"[DocumentSection__c]","Packages Total","","","","[Location__c]",""
"[DocumentSection__c]","Food","","","","[Location__c]",""
"[DocumentSection__c]","Beverage","","","","[Location__c]",""
"[DocumentSection__c]","AudioVisual","","","","[Location__c]",""
"[DocumentSection__c]","Setup","","","","[Location__c]",""
"[DocumentSection__c]","Additional","","","","[Location__c]",""
"[DocumentSection__c]","Rental","","","","[Location__c]",""
"[DocumentSection__c]","Packages Total","","","","[Location__c]",""
"[DocumentSection__c]","Food","","","","[Location__c]",""
"[DocumentSection__c]","Beverage","","","","[Location__c]",""
"[DocumentSection__c]","AudioVisual","","","","[Location__c]",""
"[DocumentSection__c]","Setup","","","","[Location__c]",""
"[DocumentSection__c]","Additional","","","","[Location__c]",""
"[DocumentSection__c]","Rental","","","","[Location__c]",""
"[DocumentSection__c]","Packages Total","","","","[Location__c]",""
"[DocumentSection__c]","Food","","","","[Location__c]",""
"[DocumentSection__c]","Beverage","","","","[Location__c]",""
"[DocumentSection__c]","Setup","","","","[Location__c]",""
"[DocumentSection__c]","AudioVisual","","","","[Location__c]",""
"[DocumentSection__c]","Additional","","","","[Location__c]",""
"[DocumentSection__c]","Billing","","","","[Location__c]",""
"[DocumentSection__c]","Food","","","","[Location__c]",""
"[DocumentSection__c]","Beverage","","","","[Location__c]",""
"[DocumentSection__c]","Setup","","","","[Location__c]",""
"[DocumentSection__c]","AudioVisual","","","","[Location__c]",""
"[DocumentSection__c]","Additional","","","","[Location__c]",""
"[DocumentSection__c]","Billing","","","","[Location__c]",""
"[DocumentSection__c]","Rental","","","","[Location__c]",""
"[DocumentSection__c]","Packages Total","","","","[Location__c]",""
"[DocumentSection__c]","Food","","","","[Location__c]",""
"[DocumentSection__c]","Beverage","","","","[Location__c]",""
"[DocumentSection__c]","Setup","","","","[Location__c]",""
"[DocumentSection__c]","AudioVisual","","","","[Location__c]",""
"[DocumentSection__c]","Additional","","","","[Location__c]",""
"[DocumentSection__c]","Billing","","","","[Location__c]",""
"[DocumentSection__c]","Rental","","","","[Location__c]",""
"[DocumentSection__c]","Packages Total","","","","[Location__c]",""
"[DocumentSection__c]","Food","","","","[Location__c]",""
"[DocumentSection__c]","Beverage","","","","[Location__c]",""
"[DocumentSection__c]","Setup","","","","[Location__c]",""
"[DocumentSection__c]","AudioVisual","","","","[Location__c]",""
"[DocumentSection__c]","Additional","","","","[Location__c]",""
"[DocumentSection__c]","Billing","","","","[Location__c]",""
"[DocumentSection__c]","Rental","","","","[Location__c]",""
"[DocumentSection__c]","Packages Total","","","","[Location__c]",""
"[DocumentSection__c]","Food","","","","[Location__c]",""
"[DocumentSection__c]","Beverage","","","","[Location__c]",""
"[DocumentSection__c]","Setup","","","","[Location__c]",""
"[DocumentSection__c]","AudioVisual","","","","[Location__c]",""
"[DocumentSection__c]","Additional","","","","[Location__c]",""
"[DocumentSection__c]","Billing","","","","[Location__c]",""
"[DocumentSection__c]","Rental","","","","[Location__c]",""
"[DocumentSection__c]","Packages Total","","","","[Location__c]",""
"[DocumentSection__c]","Food","","","","[Location__c]",""
"[DocumentSection__c]","Beverage","","","","[Location__c]",""
"[DocumentSection__c]","Setup","","","","[Location__c]",""
"[DocumentSection__c]","AudioVisual","","","","[Location__c]",""
"[DocumentSection__c]","Additional","","","","[Location__c]",""
"[DocumentSection__c]","Billing","","","","[Location__c]",""
"[DocumentSection__c]","Rental","","","","[Location__c]",""
"[DocumentSection__c]","Packages Total","","","","[Location__c]",""
"[DocumentSection__c]","Food","","","","[Location__c]",""
"[DocumentSection__c]","Beverage","","","","[Location__c]",""
"[DocumentSection__c]","Audio Visual","","","","[Location__c]",""
"[DocumentSection__c]","Setup & Additional Items","","","","[Location__c]",""
"[DocumentSection__c]","Rental","","","","[Location__c]",""
"[DocumentSection__c]","Food","","","","[Location__c]",""
"[DocumentSection__c]","Beverage","","","","[Location__c]",""
"[DocumentSection__c]","Audio Visual","","","","[Location__c]",""
"[DocumentSection__c]","Setup & Additional Items","","","","[Location__c]",""
"[DocumentSection__c]","Rental","","","","[Location__c]",""
"[DocumentSection__c]","Food","","","","[Location__c]",""
"[DocumentSection__c]","Beverage","","","","[Location__c]",""
"[DocumentSection__c]","Audio Visual","","","","[Location__c]",""
"[DocumentSection__c]","Setup & Additional Items","","","","[Location__c]",""
"[DocumentSection__c]","Rental","","","","[Location__c]",""